Div,Round,Date,Time,timestamp,Weekday,HomeTeam,AwayTeam,FTHG,FTAG,FTG,FTR,FTHR,FTAR,HTHG,HTAG,HTG,HTR,HTHR,HTAR,Report_url
libya-2006-2007,1,2006-09-14,,200609140000,thursday,Al Ittihad Tripolis,Al-Olympique,3,0,3,H,W,L,,,,,,,
libya-2006-2007,1,2006-09-15,,200609150000,friday,Al-Akhdar,Al Tahaddy SC,0,2,2,A,L,W,,,,,,,
libya-2006-2007,1,2006-09-15,,200609150000,friday,Rafik Sorman,Al Ahly Tripolis,0,3,3,A,L,W,,,,,,,
libya-2006-2007,1,2006-09-16,,200609160000,saturday,Khaleej Sart,Al Shaat Tripolis,1,3,4,A,L,W,,,,,,,
libya-2006-2007,1,2006-09-16,,200609160000,saturday,Al Ahly Benghazi,Al Soukour Tobruk,1,1,2,D,D,D,,,,,,,
libya-2006-2007,1,2006-09-17,,200609170000,sunday,Al Hilal,Al Nasr Benghazi,2,3,5,A,L,W,,,,,,,
libya-2006-2007,2,2006-09-20,,200609200000,wednesday,Al-Olympique,Al-Akhdar,1,1,2,D,D,D,,,,,,,
libya-2006-2007,2,2006-09-20,,200609200000,wednesday,Al Tahaddy SC,Al Shaat Tripolis,0,0,0,D,D,D,0,0,0,D,D,D,
libya-2006-2007,2,2006-09-21,,200609210000,thursday,Al Nasr Benghazi,Al Ahly Benghazi,1,1,2,D,D,D,,,,,,,
libya-2006-2007,2,2006-09-21,,200609210000,thursday,Al-Madina Tripoli,Khaleej Sart,0,0,0,D,D,D,0,0,0,D,D,D,
libya-2006-2007,2,2006-09-21,,200609210000,thursday,Al Ahly Tripolis,Al Hilal,2,0,2,H,W,L,,,,,,,
libya-2006-2007,2,2006-10-13,,200610130000,friday,Al Soukour Tobruk,Al Ittihad Tripolis,1,3,4,A,L,W,,,,,,,
libya-2006-2007,3,2006-11-02,,200611020000,thursday,Al Shaat Tripolis,Al-Olympique,1,2,3,A,L,W,,,,,,,
libya-2006-2007,3,2006-11-03,,200611030000,friday,Al Ahly Benghazi,Al Ahly Tripolis,1,0,1,H,W,L,,,,,,,
libya-2006-2007,3,2006-11-03,,200611030000,friday,Khaleej Sart,Al Tahaddy SC,1,3,4,A,L,W,,,,,,,
libya-2006-2007,3,2006-11-03,,200611030000,friday,Al-Akhdar,Al Soukour Tobruk,2,1,3,H,W,L,,,,,,,
libya-2006-2007,3,2006-11-03,,200611030000,friday,Al Ittihad Tripolis,Al Nasr Benghazi,3,0,3,H,W,L,,,,,,,
libya-2006-2007,3,2006-11-03,,200611030000,friday,Rafik Sorman,Al-Madina Tripoli,3,5,8,A,L,W,,,,,,,
libya-2006-2007,4,2006-11-07,,200611070000,tuesday,Al-Olympique,Al Tahaddy SC,1,0,1,H,W,L,,,,,,,
libya-2006-2007,4,2006-11-07,,200611070000,tuesday,Al Nasr Benghazi,Al-Akhdar,2,1,3,H,W,L,,,,,,,
libya-2006-2007,4,2006-11-07,,200611070000,tuesday,Rafik Sorman,Khaleej Sart,0,0,0,D,D,D,0,0,0,D,D,D,
libya-2006-2007,4,2006-11-08,,200611080000,wednesday,Al Ahly Tripolis,Al Ittihad Tripolis,0,2,2,A,L,W,,,,,,,
libya-2006-2007,4,2006-11-09,,200611090000,thursday,Al-Madina Tripoli,Al Hilal,1,0,1,H,W,L,,,,,,,
libya-2006-2007,4,2006-11-09,,200611090000,thursday,Al Soukour Tobruk,Al Shaat Tripolis,1,0,1,H,W,L,,,,,,,
libya-2006-2007,5,2006-11-17,,200611170000,friday,Al Tahaddy SC,Al Soukour Tobruk,0,0,0,D,D,D,0,0,0,D,D,D,
libya-2006-2007,5,2006-11-18,,200611180000,saturday,Al Shaat Tripolis,Al Nasr Benghazi,0,0,0,D,D,D,0,0,0,D,D,D,
libya-2006-2007,5,2006-11-18,,200611180000,saturday,Khaleej Sart,Al-Olympique,1,0,1,H,W,L,,,,,,,
libya-2006-2007,5,2006-11-18,,200611180000,saturday,Al Hilal,Rafik Sorman,1,1,2,D,D,D,,,,,,,
libya-2006-2007,5,2006-11-19,,200611190000,sunday,Al Ahly Benghazi,Al-Madina Tripoli,2,2,4,D,D,D,,,,,,,
libya-2006-2007,5,2006-11-21,,200611210000,tuesday,Al-Akhdar,Al Ahly Tripolis,1,0,1,H,W,L,,,,,,,
libya-2006-2007,6,2006-11-23,,200611230000,thursday,Al Soukour Tobruk,Al-Olympique,0,1,1,A,L,W,,,,,,,
libya-2006-2007,6,2006-11-23,,200611230000,thursday,Al Nasr Benghazi,Al Tahaddy SC,1,0,1,H,W,L,,,,,,,
libya-2006-2007,6,2006-11-24,,200611240000,friday,Rafik Sorman,Al Ahly Benghazi,3,1,4,H,W,L,,,,,,,
libya-2006-2007,6,2006-11-24,,200611240000,friday,Al Hilal,Khaleej Sart,1,0,1,H,W,L,,,,,,,
libya-2006-2007,6,2006-11-25,,200611250000,saturday,Al Ahly Tripolis,Al Shaat Tripolis,3,0,3,H,W,L,,,,,,,
libya-2006-2007,6,2006-12-03,,200612030000,sunday,Al-Madina Tripoli,Al Ittihad Tripolis,1,1,2,D,D,D,,,,,,,
libya-2006-2007,7,2006-12-07,,200612070000,thursday,Khaleej Sart,Al Soukour Tobruk,2,0,2,H,W,L,,,,,,,
libya-2006-2007,7,2006-12-07,,200612070000,thursday,Al-Olympique,Al Nasr Benghazi,0,0,0,D,D,D,0,0,0,D,D,D,
libya-2006-2007,7,2006-12-07,,200612070000,thursday,Al Ahly Benghazi,Al Hilal,0,0,0,D,D,D,0,0,0,D,D,D,
libya-2006-2007,7,2006-12-08,,200612080000,friday,Al Tahaddy SC,Al Ahly Tripolis,0,1,1,A,L,W,,,,,,,
libya-2006-2007,7,2006-12-08,,200612080000,friday,Al Ittihad Tripolis,Rafik Sorman,2,0,2,H,W,L,,,,,,,
libya-2006-2007,7,2006-12-08,,200612080000,friday,Al-Akhdar,Al-Madina Tripoli,1,0,1,H,W,L,,,,,,,
libya-2006-2007,8,2006-12-11,,200612110000,monday,Al Nasr Benghazi,Al Soukour Tobruk,0,0,0,D,D,D,0,0,0,D,D,D,
libya-2006-2007,8,2006-12-12,,200612120000,tuesday,Al Hilal,Al Ittihad Tripolis,1,1,2,D,D,D,,,,,,,
libya-2006-2007,8,2006-12-12,,200612120000,tuesday,Al Ahly Tripolis,Al-Olympique,2,0,2,H,W,L,,,,,,,
libya-2006-2007,8,2006-12-12,,200612120000,tuesday,Rafik Sorman,Al-Akhdar,1,4,5,A,L,W,,,,,,,
libya-2006-2007,8,2006-12-13,,200612130000,wednesday,Al-Madina Tripoli,Al Shaat Tripolis,1,0,1,H,W,L,,,,,,,
libya-2006-2007,8,2006-12-13,,200612130000,wednesday,Al Ahly Benghazi,Khaleej Sart,1,0,1,H,W,L,,,,,,,
libya-2006-2007,9,2006-12-16,,200612160000,saturday,Al-Akhdar,Al Hilal,2,1,3,H,W,L,,,,,,,
libya-2006-2007,9,2006-12-16,,200612160000,saturday,Al Soukour Tobruk,Al Ahly Tripolis,1,0,1,H,W,L,,,,,,,
libya-2006-2007,9,2006-12-16,,200612160000,saturday,Al Shaat Tripolis,Rafik Sorman,1,1,2,D,D,D,,,,,,,
libya-2006-2007,9,2006-12-17,,200612170000,sunday,Al Tahaddy SC,Al-Madina Tripoli,0,4,4,A,L,W,,,,,,,
libya-2006-2007,9,2006-12-17,,200612170000,sunday,Al Ittihad Tripolis,Al Ahly Benghazi,1,0,1,H,W,L,,,,,,,
libya-2006-2007,9,2006-12-17,,200612170000,sunday,Khaleej Sart,Al Nasr Benghazi,2,2,4,D,D,D,,,,,,,
libya-2006-2007,10,2006-12-21,,200612210000,thursday,Al Hilal,Al Shaat Tripolis,1,0,1,H,W,L,,,,,,,
libya-2006-2007,10,2006-12-22,,200612220000,friday,Al Ahly Tripolis,Al Nasr Benghazi,0,1,1,A,L,W,,,,,,,
libya-2006-2007,10,2006-12-22,,200612220000,friday,Rafik Sorman,Al Tahaddy SC,1,0,1,H,W,L,,,,,,,
libya-2006-2007,10,2006-12-22,,200612220000,friday,Al Ahly Benghazi,Al-Akhdar,2,0,2,H,W,L,,,,,,,
libya-2006-2007,10,2006-12-23,,200612230000,saturday,Al-Madina Tripoli,Al-Olympique,1,0,1,H,W,L,,,,,,,
libya-2006-2007,10,2006-12-23,,200612230000,saturday,Al Ittihad Tripolis,Khaleej Sart,1,0,1,H,W,L,,,,,,,
libya-2006-2007,11,2006-12-27,,200612270000,wednesday,Al Shaat Tripolis,Al Ahly Benghazi,0,2,2,A,L,W,,,,,,,
libya-2006-2007,11,2006-12-27,,200612270000,wednesday,Al-Olympique,Rafik Sorman,0,0,0,D,D,D,0,0,0,D,D,D,
libya-2006-2007,11,2006-12-28,,200612280000,thursday,Al Tahaddy SC,Al Hilal,2,2,4,D,D,D,,,,,,,
libya-2006-2007,11,2006-12-28,,200612280000,thursday,Khaleej Sart,Al Ahly Tripolis,2,4,6,A,L,W,,,,,,,
libya-2006-2007,11,2007-01-02,,200701020000,tuesday,Al Soukour Tobruk,Al-Madina Tripoli,0,1,1,A,L,W,,,,,,,
libya-2006-2007,11,2007-01-02,,200701020000,tuesday,Al-Akhdar,Al Ittihad Tripolis,1,1,2,D,D,D,,,,,,,
libya-2006-2007,12,2007-01-04,,200701040000,thursday,Al Hilal,Al-Olympique,2,0,2,H,W,L,,,,,,,
libya-2006-2007,12,2007-01-05,,200701050000,friday,Al Ahly Benghazi,Al Tahaddy SC,3,3,6,D,D,D,,,,,,,
libya-2006-2007,12,2007-01-05,,200701050000,friday,Al-Akhdar,Khaleej Sart,6,1,7,H,W,L,,,,,,,
libya-2006-2007,12,2007-01-06,,200701060000,saturday,Rafik Sorman,Al Soukour Tobruk,0,1,1,A,L,W,,,,,,,
libya-2006-2007,12,2007-01-06,,200701060000,saturday,Al Ittihad Tripolis,Al Shaat Tripolis,0,0,0,D,D,D,0,0,0,D,D,D,
libya-2006-2007,12,2007-01-07,,200701070000,sunday,Al-Madina Tripoli,Al Nasr Benghazi,0,1,1,A,L,W,,,,,,,
libya-2006-2007,13,2007-01-10,,200701100000,wednesday,Al-Olympique,Al Ahly Benghazi,0,0,0,D,D,D,0,0,0,D,D,D,
libya-2006-2007,13,2007-01-10,,200701100000,wednesday,Al Shaat Tripolis,Al-Akhdar,1,0,1,H,W,L,,,,,,,
libya-2006-2007,13,2007-01-10,,200701100000,wednesday,Al Nasr Benghazi,Rafik Sorman,2,2,4,D,D,D,,,,,,,
libya-2006-2007,13,2007-01-11,,200701110000,thursday,Al Tahaddy SC,Al Ittihad Tripolis,0,0,0,D,D,D,0,0,0,D,D,D,
libya-2006-2007,13,2007-01-11,,200701110000,thursday,Al Soukour Tobruk,Al Hilal,2,0,2,H,W,L,,,,,,,
libya-2006-2007,13,2007-01-11,,200701110000,thursday,Al Ahly Tripolis,Al-Madina Tripoli,2,0,2,H,W,L,,,,,,,
libya-2006-2007,14,2007-02-01,,200702010000,thursday,Al Shaat Tripolis,Khaleej Sart,0,1,1,A,L,W,,,,,,,
libya-2006-2007,14,2007-02-01,,200702010000,thursday,Al Soukour Tobruk,Al Ahly Benghazi,1,2,3,A,L,W,,,,,,,
libya-2006-2007,14,2007-02-01,,200702010000,thursday,Al Nasr Benghazi,Al Hilal,1,1,2,D,D,D,,,,,,,
libya-2006-2007,14,2007-02-02,,200702020000,friday,Al-Olympique,Al Ittihad Tripolis,0,0,0,D,D,D,0,0,0,D,D,D,
libya-2006-2007,14,2007-02-02,,200702020000,friday,Al Tahaddy SC,Al-Akhdar,0,0,0,D,D,D,0,0,0,D,D,D,
libya-2006-2007,14,2007-02-02,,200702020000,friday,Al Ahly Tripolis,Rafik Sorman,2,0,2,H,W,L,,,,,,,
libya-2006-2007,15,2007-02-17,,200702170000,saturday,Al Shaat Tripolis,Al Tahaddy SC,1,0,1,H,W,L,,,,,,,
libya-2006-2007,15,2007-02-18,,200702180000,sunday,Khaleej Sart,Al-Madina Tripoli,0,0,0,D,D,D,0,0,0,D,D,D,
libya-2006-2007,15,2007-02-19,,200702190000,monday,Al Ittihad Tripolis,Al Soukour Tobruk,2,1,3,H,W,L,,,,,,,
libya-2006-2007,15,2007-02-23,,200702230000,friday,Al-Akhdar,Al-Olympique,4,2,6,H,W,L,,,,,,,
libya-2006-2007,15,2007-02-23,,200702230000,friday,Al Ahly Benghazi,Al Nasr Benghazi,1,1,2,D,D,D,,,,,,,
libya-2006-2007,15,2007-02-24,,200702240000,saturday,Al Hilal,Al Ahly Tripolis,0,1,1,A,L,W,,,,,,,
libya-2006-2007,16,2007-03-01,,200703010000,thursday,Al Tahaddy SC,Khaleej Sart,0,1,1,A,L,W,,,,,,,
libya-2006-2007,16,2007-03-01,,200703010000,thursday,Al-Madina Tripoli,Rafik Sorman,2,1,3,H,W,L,,,,,,,
libya-2006-2007,16,2007-03-03,,200703030000,saturday,Al-Olympique,Al Shaat Tripolis,0,1,1,A,L,W,,,,,,,
libya-2006-2007,16,2007-03-03,,200703030000,saturday,Al Ahly Tripolis,Al Ahly Benghazi,2,1,3,H,W,L,,,,,,,
libya-2006-2007,16,2007-03-03,,200703030000,saturday,Al Soukour Tobruk,Al-Akhdar,2,3,5,A,L,W,,,,,,,
libya-2006-2007,16,2007-03-11,,200703110000,sunday,Al Nasr Benghazi,Al Ittihad Tripolis,0,2,2,A,L,W,,,,,,,
libya-2006-2007,17,2007-03-30,,200703300000,friday,Al-Akhdar,Al Nasr Benghazi,1,0,1,H,W,L,,,,,,,
libya-2006-2007,17,2007-03-30,,200703300000,friday,Khaleej Sart,Rafik Sorman,1,2,3,A,L,W,,,,,,,
libya-2006-2007,17,2007-03-31,,200703310000,saturday,Al Shaat Tripolis,Al Soukour Tobruk,2,1,3,H,W,L,,,,,,,
libya-2006-2007,17,2007-04-02,,200704020000,monday,Al Tahaddy SC,Al-Olympique,2,0,2,H,W,L,,,,,,,
libya-2006-2007,17,2007-04-03,,200704030000,tuesday,Al Ittihad Tripolis,Al Ahly Tripolis,1,0,1,H,W,L,,,,,,,
libya-2006-2007,17,2007-04-03,,200704030000,tuesday,Al Hilal,Al-Madina Tripoli,0,2,2,A,L,W,,,,,,,
libya-2006-2007,18,2007-04-06,,200704060000,friday,Al Nasr Benghazi,Al Shaat Tripolis,3,0,3,H,W,L,,,,,,,
libya-2006-2007,18,2007-04-06,,200704060000,friday,Al-Olympique,Khaleej Sart,0,0,0,D,D,D,0,0,0,D,D,D,
libya-2006-2007,18,2007-04-07,,200704070000,saturday,Al Soukour Tobruk,Al Tahaddy SC,1,0,1,H,W,L,,,,,,,
libya-2006-2007,18,2007-04-07,,200704070000,saturday,Al-Madina Tripoli,Al Ahly Benghazi,1,0,1,H,W,L,,,,,,,
libya-2006-2007,18,2007-04-08,,200704080000,sunday,Rafik Sorman,Al Hilal,1,0,1,H,W,L,,,,,,,
libya-2006-2007,18,2007-04-08,,200704080000,sunday,Al Ahly Tripolis,Al-Akhdar,2,1,3,H,W,L,,,,,,,
libya-2006-2007,19,2007-04-12,,200704120000,thursday,Al-Olympique,Al Soukour Tobruk,1,0,1,H,W,L,,,,,,,
libya-2006-2007,19,2007-04-12,,200704120000,thursday,Al Tahaddy SC,Al Nasr Benghazi,1,1,2,D,D,D,,,,,,,
libya-2006-2007,19,2007-04-13,,200704130000,friday,Al Ahly Benghazi,Rafik Sorman,0,0,0,D,D,D,0,0,0,D,D,D,
libya-2006-2007,19,2007-04-13,,200704130000,friday,Khaleej Sart,Al Hilal,2,0,2,H,W,L,,,,,,,
libya-2006-2007,19,2007-04-13,,200704130000,friday,Al Shaat Tripolis,Al Ahly Tripolis,0,3,3,A,L,W,,,,,,,
libya-2006-2007,19,2007-04-14,,200704140000,saturday,Al Ittihad Tripolis,Al-Madina Tripoli,1,0,1,H,W,L,,,,,,,
libya-2006-2007,20,2007-04-21,,200704210000,saturday,Al Ahly Tripolis,Al Tahaddy SC,4,1,5,H,W,L,,,,,,,
libya-2006-2007,20,2007-04-22,,200704220000,sunday,Al Soukour Tobruk,Khaleej Sart,1,1,2,D,D,D,,,,,,,
libya-2006-2007,20,2007-04-23,,200704230000,monday,Al Nasr Benghazi,Al-Olympique,0,0,0,D,D,D,0,0,0,D,D,D,
libya-2006-2007,20,2007-04-23,,200704230000,monday,Al Hilal,Al Ahly Benghazi,0,0,0,D,D,D,0,0,0,D,D,D,
libya-2006-2007,20,2007-04-23,,200704230000,monday,Al-Madina Tripoli,Al-Akhdar,2,3,5,A,L,W,,,,,,,
libya-2006-2007,20,2007-04-26,,200704260000,thursday,Rafik Sorman,Al Ittihad Tripolis,0,1,1,A,L,W,,,,,,,
libya-2006-2007,21,2007-04-27,,200704270000,friday,Al Shaat Tripolis,Al-Madina Tripoli,0,0,0,D,D,D,0,0,0,D,D,D,
libya-2006-2007,21,2007-04-27,,200704270000,friday,Al-Olympique,Al Ahly Tripolis,0,0,0,D,D,D,0,0,0,D,D,D,
libya-2006-2007,21,2007-04-27,,200704270000,friday,Al Soukour Tobruk,Al Nasr Benghazi,4,0,4,H,W,L,,,,,,,
libya-2006-2007,21,2007-04-27,,200704270000,friday,Khaleej Sart,Al Ahly Benghazi,0,1,1,A,L,W,,,,,,,
libya-2006-2007,21,2007-04-30,,200704300000,monday,Al-Akhdar,Rafik Sorman,4,1,5,H,W,L,,,,,,,
libya-2006-2007,21,2007-04-30,,200704300000,monday,Al Ittihad Tripolis,Al Hilal,1,0,1,H,W,L,,,,,,,
libya-2006-2007,22,2007-05-03,,200705030000,thursday,Al Nasr Benghazi,Khaleej Sart,2,2,4,D,D,D,,,,,,,
libya-2006-2007,22,2007-05-03,,200705030000,thursday,Al Ahly Tripolis,Al Soukour Tobruk,3,1,4,H,W,L,,,,,,,
libya-2006-2007,22,2007-05-04,,200705040000,friday,Al Hilal,Al-Akhdar,1,1,2,D,D,D,,,,,,,
libya-2006-2007,22,2007-05-04,,200705040000,friday,Al-Madina Tripoli,Al Tahaddy SC,2,2,4,D,D,D,,,,,,,
libya-2006-2007,22,2007-05-04,,200705040000,friday,Rafik Sorman,Al Shaat Tripolis,2,2,4,D,D,D,,,,,,,
libya-2006-2007,22,2007-05-05,,200705050000,saturday,Al Ahly Benghazi,Al Ittihad Tripolis,0,0,0,D,D,D,0,0,0,D,D,D,
libya-2006-2007,23,2007-05-08,,200705080000,tuesday,Al Nasr Benghazi,Al Ahly Tripolis,1,2,3,A,L,W,,,,,,,
libya-2006-2007,23,2007-05-09,,200705090000,wednesday,Al-Akhdar,Al Ahly Benghazi,3,2,5,H,W,L,,,,,,,
libya-2006-2007,23,2007-05-09,,200705090000,wednesday,Al Shaat Tripolis,Al Hilal,1,2,3,A,L,W,,,,,,,
libya-2006-2007,23,2007-05-09,,200705090000,wednesday,Al Tahaddy SC,Rafik Sorman,1,1,2,D,D,D,,,,,,,
libya-2006-2007,23,2007-05-09,,200705090000,wednesday,Al-Olympique,Al-Madina Tripoli,0,2,2,A,L,W,,,,,,,
libya-2006-2007,23,2007-05-11,,200705110000,friday,Khaleej Sart,Al Ittihad Tripolis,1,0,1,H,W,L,,,,,,,
libya-2006-2007,24,2007-05-13,,200705130000,sunday,Rafik Sorman,Al-Olympique,0,0,0,D,D,D,0,0,0,D,D,D,
libya-2006-2007,24,2007-05-13,,200705130000,sunday,Al-Madina Tripoli,Al Soukour Tobruk,3,3,6,D,D,D,,,,,,,
libya-2006-2007,24,2007-05-13,,200705130000,sunday,Al Hilal,Al Tahaddy SC,0,1,1,A,L,W,,,,,,,
libya-2006-2007,24,2007-05-14,,200705140000,monday,Al Ahly Benghazi,Al Shaat Tripolis,3,0,3,H,W,L,,,,,,,
libya-2006-2007,24,2007-05-14,,200705140000,monday,Al Ahly Tripolis,Khaleej Sart,4,0,4,H,W,L,,,,,,,
libya-2006-2007,24,2007-05-15,,200705150000,tuesday,Al Ittihad Tripolis,Al-Akhdar,3,0,3,H,W,L,,,,,,,
libya-2006-2007,25,2007-05-17,,200705170000,thursday,Al Nasr Benghazi,Al-Madina Tripoli,0,3,3,A,L,W,,,,,,,
libya-2006-2007,25,2007-05-18,,200705180000,friday,Khaleej Sart,Al-Akhdar,2,0,2,H,W,L,,,,,,,
libya-2006-2007,25,2007-05-18,,200705180000,friday,Al Tahaddy SC,Al Ahly Benghazi,0,0,0,D,D,D,0,0,0,D,D,D,
libya-2006-2007,25,2007-05-18,,200705180000,friday,Al Shaat Tripolis,Al Ittihad Tripolis,0,2,2,A,L,W,,,,,,,
libya-2006-2007,25,2007-05-18,,200705180000,friday,Al-Olympique,Al Hilal,1,0,1,H,W,L,,,,,,,
libya-2006-2007,25,2007-05-18,,200705180000,friday,Al Soukour Tobruk,Rafik Sorman,2,2,4,D,D,D,,,,,,,
libya-2006-2007,26,2007-05-21,,200705210000,monday,Al-Madina Tripoli,Al Ahly Tripolis,2,1,3,H,W,L,,,,,,,
libya-2006-2007,26,2007-05-22,,200705220000,tuesday,Al Ahly Benghazi,Al-Olympique,2,0,2,H,W,L,,,,,,,
libya-2006-2007,26,2007-05-22,,200705220000,tuesday,Al-Akhdar,Al Shaat Tripolis,1,2,3,A,L,W,,,,,,,
libya-2006-2007,26,2007-05-22,,200705220000,tuesday,Al Hilal,Al Soukour Tobruk,4,2,6,H,W,L,,,,,,,
libya-2006-2007,26,2007-05-22,,200705220000,tuesday,Al Ittihad Tripolis,Al Tahaddy SC,1,0,1,H,W,L,,,,,,,
libya-2006-2007,26,2007-05-29,,200705290000,tuesday,Rafik Sorman,Al Nasr Benghazi,1,4,5,A,L,W,,,,,,,
libya-2007-2008,1,2007-09-20,21:30,200709202130,thursday,Al Ahly Tripolis,Ngom Egdabya,1,0,1,H,W,L,,,,,,,
libya-2007-2008,1,2007-09-21,21:30,200709212130,friday,Khaleej Sart,Al-Olympique,1,1,2,D,D,D,,,,,,,
libya-2007-2008,1,2007-09-22,21:30,200709222130,saturday,Al-Uruba,Al Soukour Tobruk,2,1,3,H,W,L,,,,,,,
libya-2007-2008,1,2007-09-24,21:30,200709242130,monday,Al-Madina Tripoli,Al Nasr Benghazi,0,2,2,A,L,W,,,,,,,
libya-2007-2008,1,2007-09-25,21:00,200709252100,tuesday,Al-Akhdar,Al Jazeera,1,0,1,H,W,L,,,,,,,
libya-2007-2008,2,2007-09-27,21:30,200709272130,thursday,Al Ittihad Tripolis,Al-Uruba,3,0,3,H,W,L,,,,,,,
libya-2007-2008,2,2007-09-28,21:30,200709282130,friday,Al-Tirsana,Al Ahly Tripolis,3,4,7,A,L,W,,,,,,,
libya-2007-2008,2,2007-09-29,21:00,200709292100,saturday,Al Soukour Tobruk,Al-Madina Tripoli,0,1,1,A,L,W,,,,,,,
libya-2007-2008,2,2007-09-29,21:00,200709292100,saturday,Ngom Egdabya,Al Wahda Tripolis,2,0,2,H,W,L,,,,,,,
libya-2007-2008,2,2007-09-29,21:00,200709292100,saturday,Al-Olympique,Al Ahly Benghazi,2,1,3,H,W,L,,,,,,,
libya-2007-2008,2,2007-09-30,21:00,200709302100,sunday,Al Nasr Benghazi,Khaleej Sart,0,1,1,A,L,W,,,,,,,
libya-2007-2008,2,2007-09-30,21:30,200709302130,sunday,Al Shaat Tripolis,Al-Akhdar,3,3,6,D,D,D,,,,,,,
libya-2007-2008,2,2007-10-02,21:30,200710022130,tuesday,Al Jazeera,Al Tahaddy SC,1,0,1,H,W,L,,,,,,,
libya-2007-2008,1,2007-10-06,21:00,200710062100,saturday,Al Tahaddy SC,Al-Tirsana,0,1,1,A,L,W,,,,,,,
libya-2007-2008,1,2007-10-08,21:00,200710082100,monday,Al Ahly Benghazi,Al Shaat Tripolis,3,0,3,H,W,L,,,,,,,
libya-2007-2008,1,2007-10-11,21:30,200710112130,thursday,Al Wahda Tripolis,Al Ittihad Tripolis,1,5,6,A,L,W,,,,,,,
libya-2007-2008,3,2007-10-18,14:30,200710181430,thursday,Al-Akhdar,Al-Olympique,2,2,4,D,D,D,,,,,,,
libya-2007-2008,3,2007-10-18,15:00,200710181500,thursday,Al-Uruba,Al Wahda Tripolis,2,1,3,H,W,L,,,,,,,
libya-2007-2008,3,2007-10-18,15:30,200710181530,thursday,Al-Tirsana,Ngom Egdabya,0,0,0,D,D,D,0.0,0.0,0.0,D,D,D,
libya-2007-2008,3,2007-10-19,14:30,200710191430,friday,Khaleej Sart,Al Soukour Tobruk,4,0,4,H,W,L,,,,,,,
libya-2007-2008,3,2007-10-19,15:00,200710191500,friday,Al Tahaddy SC,Al Shaat Tripolis,0,1,1,A,L,W,,,,,,,
libya-2007-2008,3,2007-10-20,15:00,200710201500,saturday,Al Ahly Benghazi,Al Nasr Benghazi,0,0,0,D,D,D,0.0,0.0,0.0,D,D,D,
libya-2007-2008,3,2007-10-23,15:30,200710231530,tuesday,Al Ahly Tripolis,Al Jazeera,3,0,3,H,W,L,,,,,,,
libya-2007-2008,4,2007-10-25,14:30,200710251430,thursday,Ngom Egdabya,Al-Uruba,0,0,0,D,D,D,0.0,0.0,0.0,D,D,D,
libya-2007-2008,4,2007-10-25,15:00,200710251500,thursday,Al-Olympique,Al Tahaddy SC,3,2,5,H,W,L,,,,,,,
libya-2007-2008,4,2007-10-25,15:30,200710251530,thursday,Al Wahda Tripolis,Al-Madina Tripoli,1,2,3,A,L,W,,,,,,,
libya-2007-2008,4,2007-10-26,14:30,200710261430,friday,Al Nasr Benghazi,Al-Akhdar,1,3,4,A,L,W,,,,,,,
libya-2007-2008,4,2007-10-26,15:30,200710261530,friday,Al Ittihad Tripolis,Khaleej Sart,5,1,6,H,W,L,,,,,,,
libya-2007-2008,4,2007-10-27,15:30,200710271530,saturday,Al Shaat Tripolis,Al Ahly Tripolis,1,2,3,A,L,W,,,,,,,
libya-2007-2008,4,2007-10-27,17:00,200710271700,saturday,Al Jazeera,Al-Tirsana,0,0,0,D,D,D,0.0,0.0,0.0,D,D,D,
libya-2007-2008,3,2007-10-30,15:30,200710301530,tuesday,Al-Madina Tripoli,Al Ittihad Tripolis,0,1,1,A,L,W,,,,,,,
libya-2007-2008,5,2007-10-31,13:00,200710311300,wednesday,Khaleej Sart,Al Wahda Tripolis,2,2,4,D,D,D,,,,,,,
libya-2007-2008,5,2007-10-31,13:00,200710311300,wednesday,Al-Akhdar,Al Soukour Tobruk,3,0,3,H,W,L,,,,,,,
libya-2007-2008,5,2007-10-31,13:00,200710311300,wednesday,Al Tahaddy SC,Al Nasr Benghazi,1,3,4,A,L,W,,,,,,,
libya-2007-2008,5,2007-10-31,15:30,200710311530,wednesday,Al-Tirsana,Al Shaat Tripolis,1,1,2,D,D,D,,,,,,,
libya-2007-2008,5,2007-11-01,15:30,200711011530,thursday,Al Ahly Tripolis,Al-Olympique,2,1,3,H,W,L,,,,,,,
libya-2007-2008,6,2007-11-05,12:00,200711051200,monday,Ngom Egdabya,Al-Madina Tripoli,1,1,2,D,D,D,,,,,,,
libya-2007-2008,6,2007-11-05,12:00,200711051200,monday,Al Soukour Tobruk,Al Tahaddy SC,1,0,1,H,W,L,,,,,,,
libya-2007-2008,6,2007-11-05,12:00,200711051200,monday,Al-Uruba,Khaleej Sart,1,2,3,A,L,W,,,,,,,
libya-2007-2008,6,2007-11-06,12:00,200711061200,tuesday,Al Nasr Benghazi,Al Ahly Tripolis,1,1,2,D,D,D,,,,,,,
libya-2007-2008,6,2007-11-06,12:00,200711061200,tuesday,Al-Olympique,Al-Tirsana,1,1,2,D,D,D,,,,,,,
libya-2007-2008,6,2007-11-06,17:00,200711061700,tuesday,Al Wahda Tripolis,Al Ahly Benghazi,2,1,3,H,W,L,,,,,,,
libya-2007-2008,5,2007-11-09,15:30,200711091530,friday,Al-Madina Tripoli,Al-Uruba,2,2,4,D,D,D,,,,,,,
libya-2007-2008,4,2007-11-11,13:00,200711111300,sunday,Al Soukour Tobruk,Al Ahly Benghazi,0,1,1,A,L,W,,,,,,,
libya-2007-2008,5,2007-11-12,15:30,200711121530,monday,Al Jazeera,Ngom Egdabya,1,0,1,H,W,L,,,,,,,
libya-2007-2008,6,2007-11-16,15:30,200711161530,friday,Al Shaat Tripolis,Al Jazeera,2,1,3,H,W,L,,,,,,,
libya-2007-2008,7,2007-12-02,13:00,200712021300,sunday,Al-Akhdar,Al Wahda Tripolis,3,0,3,H,W,L,,,,,,,
libya-2007-2008,7,2007-12-02,13:00,200712021300,sunday,Khaleej Sart,Al-Madina Tripoli,1,1,2,D,D,D,,,,,,,
libya-2007-2008,7,2007-12-02,13:00,200712021300,sunday,Al Shaat Tripolis,Ngom Egdabya,3,0,3,H,W,L,,,,,,,
libya-2007-2008,5,2007-12-03,13:00,200712031300,monday,Al Ahly Benghazi,Al Ittihad Tripolis,0,1,1,A,L,W,,,,,,,
libya-2007-2008,7,2007-12-03,13:00,200712031300,monday,Al-Tirsana,Al Nasr Benghazi,0,0,0,D,D,D,0.0,0.0,0.0,D,D,D,
libya-2007-2008,7,2007-12-03,13:00,200712031300,monday,Al Jazeera,Al-Olympique,1,2,3,A,L,W,,,,,,,
libya-2007-2008,8,2007-12-06,13:00,200712061300,thursday,Ngom Egdabya,Khaleej Sart,0,1,1,A,L,W,,,,,,,
libya-2007-2008,8,2007-12-07,13:00,200712071300,friday,Al Wahda Tripolis,Al Tahaddy SC,0,0,0,D,D,D,0.0,0.0,0.0,D,D,D,
libya-2007-2008,8,2007-12-07,13:00,200712071300,friday,Al-Olympique,Al Shaat Tripolis,0,1,1,A,L,W,,,,,,,
libya-2007-2008,7,2007-12-07,15:30,200712071530,friday,Al Ahly Tripolis,Al Soukour Tobruk,10,2,12,A,L,W,,,,,,,
libya-2007-2008,8,2007-12-08,13:00,200712081300,saturday,Al Nasr Benghazi,Al Jazeera,1,1,2,D,D,D,,,,,,,
libya-2007-2008,7,2007-12-09,13:30,200712091330,sunday,Al Ahly Benghazi,Al-Uruba,4,0,4,H,W,L,,,,,,,
libya-2007-2008,6,2007-12-09,15:30,200712091530,sunday,Al Ittihad Tripolis,Al-Akhdar,5,2,7,H,W,L,,,,,,,
libya-2007-2008,8,2007-12-11,13:00,200712111300,tuesday,Al Soukour Tobruk,Al-Tirsana,2,1,3,H,W,L,,,,,,,
libya-2007-2008,8,2007-12-13,13:00,200712131300,thursday,Al-Uruba,Al-Akhdar,2,3,5,A,L,W,,,,,,,
libya-2007-2008,9,2007-12-14,13:30,200712141330,friday,Al Shaat Tripolis,Al Nasr Benghazi,2,0,2,H,W,L,,,,,,,
libya-2007-2008,9,2007-12-14,13:30,200712141330,friday,Al-Olympique,Ngom Egdabya,5,0,5,H,W,L,,,,,,,
libya-2007-2008,8,2007-12-14,14:00,200712141400,friday,Al-Madina Tripoli,Al Ahly Benghazi,1,1,2,D,D,D,,,,,,,
libya-2007-2008,9,2007-12-16,15:00,200712161500,sunday,Al-Tirsana,Al Ittihad Tripolis,0,2,2,A,L,W,,,,,,,
libya-2007-2008,9,2007-12-17,13:00,200712171300,monday,Al Tahaddy SC,Al-Uruba,0,0,0,D,D,D,0.0,0.0,0.0,D,D,D,
libya-2007-2008,9,2007-12-17,13:00,200712171300,monday,Al Jazeera,Al Soukour Tobruk,2,0,2,H,W,L,,,,,,,
libya-2007-2008,9,2007-12-17,15:00,200712171500,monday,Al Ahly Tripolis,Al Wahda Tripolis,5,1,6,H,W,L,,,,,,,
libya-2007-2008,9,2007-12-23,13:00,200712231300,sunday,Al-Akhdar,Al-Madina Tripoli,1,0,1,H,W,L,,,,,,,
libya-2007-2008,9,2007-12-23,13:00,200712231300,sunday,Al Ahly Benghazi,Khaleej Sart,5,0,5,H,W,L,,,,,,,
libya-2007-2008,10,2007-12-26,13:30,200712261330,wednesday,Al Wahda Tripolis,Al-Tirsana,0,0,0,D,D,D,0.0,0.0,0.0,D,D,D,
libya-2007-2008,8,2007-12-27,13:00,200712271300,thursday,Al Ittihad Tripolis,Al Ahly Tripolis,1,1,2,D,D,D,,,,,,,
libya-2007-2008,10,2007-12-27,13:00,200712271300,thursday,Al Nasr Benghazi,Al-Olympique,1,1,2,D,D,D,,,,,,,
libya-2007-2008,10,2007-12-27,13:00,200712271300,thursday,Al Soukour Tobruk,Al Shaat Tripolis,1,0,1,H,W,L,,,,,,,
libya-2007-2008,10,2007-12-28,13:00,200712281300,friday,Khaleej Sart,Al-Akhdar,1,4,5,A,L,W,,,,,,,
libya-2007-2008,10,2007-12-28,13:00,200712281300,friday,Ngom Egdabya,Al Ahly Benghazi,0,1,1,A,L,W,,,,,,,
libya-2007-2008,10,2007-12-28,15:00,200712281500,friday,Al-Madina Tripoli,Al Tahaddy SC,1,1,2,D,D,D,,,,,,,
libya-2007-2008,10,2007-12-31,13:00,200712311300,monday,Al-Uruba,Al Ahly Tripolis,1,2,3,A,L,W,,,,,,,
libya-2007-2008,10,2007-12-31,15:00,200712311500,monday,Al Ittihad Tripolis,Al Jazeera,2,1,3,H,W,L,,,,,,,
libya-2007-2008,11,2008-01-03,13:00,200801031300,thursday,Al-Akhdar,Al Ahly Benghazi,0,1,1,A,L,W,,,,,,,
libya-2007-2008,11,2008-01-03,13:00,200801031300,thursday,Al-Olympique,Al Soukour Tobruk,1,0,1,H,W,L,,,,,,,
libya-2007-2008,7,2008-01-04,13:00,200801041300,friday,Al Tahaddy SC,Al Ittihad Tripolis,1,2,3,A,L,W,,,,,,,
libya-2007-2008,11,2008-01-04,13:00,200801041300,friday,Al-Tirsana,Al-Uruba,0,1,1,A,L,W,,,,,,,
libya-2007-2008,11,2008-01-04,13:00,200801041300,friday,Al Nasr Benghazi,Ngom Egdabya,4,1,5,H,W,L,,,,,,,
libya-2007-2008,11,2008-01-04,15:00,200801041500,friday,Al Ahly Tripolis,Al-Madina Tripoli,2,1,3,H,W,L,,,,,,,
libya-2007-2008,11,2008-01-05,13:00,200801051300,saturday,Al Jazeera,Al Wahda Tripolis,1,1,2,D,D,D,,,,,,,
libya-2007-2008,11,2008-01-08,13:00,200801081300,tuesday,Al Tahaddy SC,Khaleej Sart,0,0,0,D,D,D,0.0,0.0,0.0,D,D,D,
libya-2007-2008,11,2008-01-08,15:00,200801081500,tuesday,Al Shaat Tripolis,Al Ittihad Tripolis,0,1,1,A,L,W,,,,,,,
libya-2007-2008,12,2008-01-11,13:00,200801111300,friday,Al-Uruba,Al Jazeera,1,0,1,H,W,L,,,,,,,
libya-2007-2008,12,2008-01-11,13:00,200801111300,friday,Ngom Egdabya,Al-Akhdar,1,4,5,A,L,W,,,,,,,
libya-2007-2008,12,2008-01-11,13:00,200801111300,friday,Al Soukour Tobruk,Al Nasr Benghazi,0,1,1,A,L,W,,,,,,,
libya-2007-2008,12,2008-01-11,15:00,200801111500,friday,Al-Madina Tripoli,Al-Tirsana,1,0,1,H,W,L,,,,,,,
libya-2007-2008,12,2008-01-12,13:00,200801121300,saturday,Al Wahda Tripolis,Al Shaat Tripolis,1,0,1,H,W,L,,,,,,,
libya-2007-2008,12,2008-01-12,13:00,200801121300,saturday,Khaleej Sart,Al Ahly Tripolis,0,1,1,A,L,W,,,,,,,
libya-2007-2008,12,2008-01-12,13:00,200801121300,saturday,Al Ahly Benghazi,Al Tahaddy SC,3,1,4,H,W,L,,,,,,,
libya-2007-2008,12,2008-01-12,15:00,200801121500,saturday,Al Ittihad Tripolis,Al-Olympique,1,0,1,H,W,L,,,,,,,
libya-2007-2008,13,2008-01-16,12:00,200801161200,wednesday,Al Nasr Benghazi,Al Ittihad Tripolis,1,2,3,A,L,W,,,,,,,
libya-2007-2008,13,2008-01-16,12:00,200801161200,wednesday,Al-Olympique,Al Wahda Tripolis,1,2,3,A,L,W,,,,,,,
libya-2007-2008,13,2008-01-16,12:00,200801161200,wednesday,Al Soukour Tobruk,Ngom Egdabya,1,2,3,A,L,W,,,,,,,
libya-2007-2008,13,2008-01-16,18:30,200801161830,wednesday,Al Jazeera,Al-Madina Tripoli,1,1,2,D,D,D,,,,,,,
libya-2007-2008,13,2008-01-17,12:00,200801171200,thursday,Al-Tirsana,Khaleej Sart,0,1,1,A,L,W,,,,,,,
libya-2007-2008,13,2008-01-17,12:00,200801171200,thursday,Al Ahly Tripolis,Al Ahly Benghazi,3,1,4,H,W,L,,,,,,,
libya-2007-2008,13,2008-01-17,12:00,200801171200,thursday,Al Tahaddy SC,Al-Akhdar,2,1,3,H,W,L,,,,,,,
libya-2007-2008,13,2008-01-18,13:30,200801181330,friday,Al Shaat Tripolis,Al-Uruba,1,0,1,H,W,L,,,,,,,
libya-2007-2008,14,2008-01-21,12:00,200801211200,monday,Al-Uruba,Al-Olympique,1,2,3,A,L,W,,,,,,,
libya-2007-2008,14,2008-01-21,12:00,200801211200,monday,Al-Madina Tripoli,Al Shaat Tripolis,2,0,2,H,W,L,,,,,,,
libya-2007-2008,14,2008-01-21,12:00,200801211200,monday,Al Ahly Benghazi,Al-Tirsana,2,1,3,H,W,L,,,,,,,
libya-2007-2008,14,2008-01-21,18:00,200801211800,monday,Al Wahda Tripolis,Al Nasr Benghazi,2,1,3,H,W,L,,,,,,,
libya-2007-2008,14,2008-01-22,11:30,200801221130,tuesday,Khaleej Sart,Al Jazeera,4,1,5,H,W,L,,,,,,,
libya-2007-2008,14,2008-01-22,11:30,200801221130,tuesday,Al-Akhdar,Al Ahly Tripolis,2,2,4,D,D,D,,,,,,,
libya-2007-2008,14,2008-01-22,11:30,200801221130,tuesday,Al Tahaddy SC,Ngom Egdabya,5,1,6,H,W,L,,,,,,,
libya-2007-2008,14,2008-01-22,18:00,200801221800,tuesday,Al Ittihad Tripolis,Al Soukour Tobruk,3,1,4,H,W,L,,,,,,,
libya-2007-2008,15,2008-01-25,13:00,200801251300,friday,Al Nasr Benghazi,Al-Uruba,3,1,4,H,W,L,,,,,,,
libya-2007-2008,15,2008-01-25,13:00,200801251300,friday,Al-Olympique,Al-Madina Tripoli,0,0,0,D,D,D,0.0,0.0,0.0,D,D,D,
libya-2007-2008,15,2008-01-26,11:30,200801261130,saturday,Al Soukour Tobruk,Al Wahda Tripolis,2,1,3,H,W,L,,,,,,,
libya-2007-2008,15,2008-01-26,11:30,200801261130,saturday,Al-Tirsana,Al-Akhdar,0,1,1,A,L,W,,,,,,,
libya-2007-2008,15,2008-01-26,18:00,200801261800,saturday,Al Shaat Tripolis,Khaleej Sart,0,0,0,D,D,D,0.0,0.0,0.0,D,D,D,
libya-2007-2008,15,2008-01-27,13:00,200801271300,sunday,Ngom Egdabya,Al Ittihad Tripolis,1,3,4,A,L,W,,,,,,,
libya-2007-2008,15,2008-01-27,13:00,200801271300,sunday,Al Jazeera,Al Ahly Benghazi,0,2,2,A,L,W,,,,,,,
libya-2007-2008,15,2008-01-27,15:30,200801271530,sunday,Al Ahly Tripolis,Al Tahaddy SC,3,0,3,H,W,L,,,,,,,
libya-2007-2008,16,2008-02-15,13:30,200802151330,friday,Al-Olympique,Khaleej Sart,0,2,2,A,L,W,,,,,,,
libya-2007-2008,16,2008-02-15,13:30,200802151330,friday,Al Soukour Tobruk,Al-Uruba,2,0,2,H,W,L,,,,,,,
libya-2007-2008,16,2008-02-15,13:30,200802151330,friday,Al Nasr Benghazi,Al-Madina Tripoli,3,1,4,H,W,L,,,,,,,
libya-2007-2008,16,2008-02-15,14:00,200802151400,friday,Al-Tirsana,Al Tahaddy SC,3,2,5,H,W,L,,,,,,,
libya-2007-2008,16,2008-02-16,13:30,200802161330,saturday,Ngom Egdabya,Al Ahly Tripolis,0,2,2,A,L,W,,,,,,,
libya-2007-2008,16,2008-02-16,13:30,200802161330,saturday,Al Shaat Tripolis,Al Ahly Benghazi,0,2,2,A,L,W,,,,,,,
libya-2007-2008,16,2008-02-16,13:30,200802161330,saturday,Al Jazeera,Al-Akhdar,1,0,1,H,W,L,,,,,,,
libya-2007-2008,16,2008-02-16,15:30,200802161530,saturday,Al Ittihad Tripolis,Al Wahda Tripolis,1,0,1,H,W,L,,,,,,,
libya-2007-2008,17,2008-02-21,13:30,200802211330,thursday,Al-Uruba,Al Ittihad Tripolis,1,4,5,A,L,W,,,,,,,
libya-2007-2008,17,2008-02-21,13:30,200802211330,thursday,Khaleej Sart,Al Nasr Benghazi,1,1,2,D,D,D,,,,,,,
libya-2007-2008,17,2008-02-21,13:30,200802211330,thursday,Al-Akhdar,Al Shaat Tripolis,3,0,3,H,W,L,,,,,,,
libya-2007-2008,17,2008-02-21,15:30,200802211530,thursday,Al Ahly Tripolis,Al-Tirsana,5,2,7,H,W,L,,,,,,,
libya-2007-2008,17,2008-02-22,13:30,200802221330,friday,Al Ahly Benghazi,Al-Olympique,1,0,1,H,W,L,,,,,,,
libya-2007-2008,17,2008-02-22,13:30,200802221330,friday,Al Tahaddy SC,Al Jazeera,2,0,2,H,W,L,,,,,,,
libya-2007-2008,17,2008-02-22,15:30,200802221530,friday,Al Wahda Tripolis,Ngom Egdabya,3,2,5,H,W,L,,,,,,,
libya-2007-2008,17,2008-02-22,15:30,200802221530,friday,Al-Madina Tripoli,Al Soukour Tobruk,2,0,2,H,W,L,,,,,,,
libya-2007-2008,18,2008-02-29,13:00,200802291300,friday,Al Soukour Tobruk,Khaleej Sart,0,0,0,D,D,D,0.0,0.0,0.0,D,D,D,
libya-2007-2008,18,2008-02-29,13:00,200802291300,friday,Al Shaat Tripolis,Al Tahaddy SC,2,3,5,A,L,W,,,,,,,
libya-2007-2008,18,2008-02-29,13:00,200802291300,friday,Ngom Egdabya,Al-Tirsana,2,3,5,A,L,W,,,,,,,
libya-2007-2008,18,2008-02-29,15:30,200802291530,friday,Al Jazeera,Al Ahly Tripolis,0,1,1,A,L,W,,,,,,,
libya-2007-2008,18,2008-03-01,13:00,200803011300,saturday,Al Wahda Tripolis,Al-Uruba,1,1,2,D,D,D,,,,,,,
libya-2007-2008,18,2008-03-01,15:30,200803011530,saturday,Al Ittihad Tripolis,Al-Madina Tripoli,1,1,2,D,D,D,,,,,,,
libya-2007-2008,18,2008-03-03,13:00,200803031300,monday,Al-Olympique,Al-Akhdar,1,1,2,D,D,D,,,,,,,
libya-2007-2008,18,2008-03-04,14:00,200803041400,tuesday,Al Nasr Benghazi,Al Ahly Benghazi,0,0,0,D,D,D,0.0,0.0,0.0,D,D,D,
libya-2007-2008,19,2008-03-06,13:00,200803061300,thursday,Al-Uruba,Ngom Egdabya,2,1,3,H,W,L,,,,,,,
libya-2007-2008,19,2008-03-06,13:00,200803061300,thursday,Al-Tirsana,Al Jazeera,1,1,2,D,D,D,,,,,,,
libya-2007-2008,19,2008-03-06,15:30,200803061530,thursday,Al-Madina Tripoli,Al Wahda Tripolis,2,1,3,H,W,L,,,,,,,
libya-2007-2008,19,2008-03-07,13:00,200803071300,friday,Khaleej Sart,Al Ittihad Tripolis,0,1,1,A,L,W,,,,,,,
libya-2007-2008,19,2008-03-07,13:00,200803071300,friday,Al Ahly Benghazi,Al Soukour Tobruk,3,0,3,H,W,L,,,,,,,
libya-2007-2008,19,2008-03-07,13:00,200803071300,friday,Al-Akhdar,Al Nasr Benghazi,0,0,0,D,D,D,0.0,0.0,0.0,D,D,D,
libya-2007-2008,19,2008-03-07,13:00,200803071300,friday,Al Tahaddy SC,Al-Olympique,1,1,2,D,D,D,,,,,,,
libya-2007-2008,19,2008-03-07,15:30,200803071530,friday,Al Ahly Tripolis,Al Shaat Tripolis,4,0,4,H,W,L,,,,,,,
libya-2007-2008,20,2008-03-10,13:00,200803101300,monday,Al-Uruba,Al-Madina Tripoli,0,1,1,A,L,W,,,,,,,
libya-2007-2008,20,2008-03-10,13:00,200803101300,monday,Al Soukour Tobruk,Al-Akhdar,0,0,0,D,D,D,0.0,0.0,0.0,D,D,D,
libya-2007-2008,20,2008-03-10,13:00,200803101300,monday,Ngom Egdabya,Al Jazeera,1,2,3,A,L,W,,,,,,,
libya-2007-2008,20,2008-03-10,15:30,200803101530,monday,Al Shaat Tripolis,Al-Tirsana,3,5,8,A,L,W,,,,,,,
libya-2007-2008,20,2008-03-11,13:00,200803111300,tuesday,Al Nasr Benghazi,Al Tahaddy SC,2,0,2,H,W,L,,,,,,,
libya-2007-2008,20,2008-03-11,13:00,200803111300,tuesday,Al-Olympique,Al Ahly Tripolis,2,3,5,A,L,W,,,,,,,
libya-2007-2008,20,2008-03-11,13:00,200803111300,tuesday,Al Wahda Tripolis,Khaleej Sart,0,2,2,A,L,W,,,,,,,
libya-2007-2008,20,2008-03-11,15:30,200803111530,tuesday,Al Ittihad Tripolis,Al Ahly Benghazi,2,1,3,H,W,L,,,,,,,
libya-2007-2008,21,2008-03-14,13:00,200803141300,friday,Khaleej Sart,Al-Uruba,3,1,4,H,W,L,,,,,,,
libya-2007-2008,21,2008-03-14,13:00,200803141300,friday,Al Jazeera,Al Shaat Tripolis,3,1,4,H,W,L,,,,,,,
libya-2007-2008,21,2008-03-14,13:00,200803141300,friday,Al Tahaddy SC,Al Soukour Tobruk,3,1,4,H,W,L,,,,,,,
libya-2007-2008,21,2008-03-14,13:00,200803141300,friday,Al-Madina Tripoli,Ngom Egdabya,1,0,1,H,W,L,,,,,,,
libya-2007-2008,21,2008-03-15,13:00,200803151300,saturday,Al Ahly Benghazi,Al Wahda Tripolis,2,1,3,H,W,L,,,,,,,
libya-2007-2008,21,2008-03-15,15:30,200803151530,saturday,Al Ahly Tripolis,Al Nasr Benghazi,1,0,1,H,W,L,,,,,,,
libya-2007-2008,21,2008-03-16,15:30,200803161530,sunday,Al-Tirsana,Al-Olympique,1,1,2,D,D,D,,,,,,,
libya-2007-2008,22,2008-03-20,13:30,200803201330,thursday,Al-Uruba,Al Ahly Benghazi,0,1,1,A,L,W,,,,,,,
libya-2007-2008,22,2008-03-20,13:30,200803201330,thursday,Al-Madina Tripoli,Khaleej Sart,1,0,1,H,W,L,,,,,,,
libya-2007-2008,22,2008-03-21,13:30,200803211330,friday,Al-Olympique,Al Jazeera,1,1,2,D,D,D,,,,,,,
libya-2007-2008,22,2008-03-21,13:30,200803211330,friday,Al Nasr Benghazi,Al-Tirsana,2,0,2,H,W,L,,,,,,,
libya-2007-2008,22,2008-03-21,13:30,200803211330,friday,Ngom Egdabya,Al Shaat Tripolis,2,1,3,H,W,L,,,,,,,
libya-2007-2008,22,2008-03-27,13:30,200803271330,thursday,Al Wahda Tripolis,Al-Akhdar,0,1,1,A,L,W,,,,,,,
libya-2007-2008,22,2008-04-08,14:30,200804081430,tuesday,Al Soukour Tobruk,Al Ahly Tripolis,0,3,3,A,L,W,,,,,,,
libya-2007-2008,22,2008-04-09,16:30,200804091630,wednesday,Al Ittihad Tripolis,Al Tahaddy SC,1,0,1,H,W,L,,,,,,,
libya-2007-2008,23,2008-04-15,14:30,200804151430,tuesday,Khaleej Sart,Ngom Egdabya,2,0,2,H,W,L,,,,,,,
libya-2007-2008,23,2008-04-15,14:30,200804151430,tuesday,Al Tahaddy SC,Al Wahda Tripolis,3,3,6,D,D,D,,,,,,,
libya-2007-2008,23,2008-04-15,14:30,200804151430,tuesday,Al-Tirsana,Al Soukour Tobruk,2,0,2,H,W,L,,,,,,,
libya-2007-2008,23,2008-04-16,14:30,200804161430,wednesday,Al Ahly Benghazi,Al-Madina Tripoli,0,0,0,D,D,D,0.0,0.0,0.0,D,D,D,
libya-2007-2008,23,2008-04-16,14:30,200804161430,wednesday,Al-Akhdar,Al-Uruba,1,0,1,H,W,L,,,,,,,
libya-2007-2008,23,2008-04-16,14:30,200804161430,wednesday,Al Jazeera,Al Nasr Benghazi,2,1,3,H,W,L,,,,,,,
libya-2007-2008,23,2008-04-16,14:30,200804161430,wednesday,Al Shaat Tripolis,Al-Olympique,2,1,3,H,W,L,,,,,,,
libya-2007-2008,23,2008-04-22,15:30,200804221530,tuesday,Al Ahly Tripolis,Al Ittihad Tripolis,2,2,4,D,D,D,,,,,,,
libya-2007-2008,24,2008-04-24,15:30,200804241530,thursday,Ngom Egdabya,Al-Olympique,1,3,4,A,L,W,,,,,,,
libya-2007-2008,24,2008-04-24,15:30,200804241530,thursday,Al Nasr Benghazi,Al Shaat Tripolis,2,1,3,H,W,L,,,,,,,
libya-2007-2008,24,2008-04-24,15:30,200804241530,thursday,Al Soukour Tobruk,Al Jazeera,1,3,4,A,L,W,,,,,,,
libya-2007-2008,24,2008-04-24,15:30,200804241530,thursday,Al-Uruba,Al Tahaddy SC,3,1,4,H,W,L,,,,,,,
libya-2007-2008,24,2008-04-25,15:30,200804251530,friday,Khaleej Sart,Al Ahly Benghazi,0,0,0,D,D,D,0.0,0.0,0.0,D,D,D,
libya-2007-2008,24,2008-04-28,16:30,200804281630,monday,Al Wahda Tripolis,Al Ahly Tripolis,1,2,3,A,L,W,,,,,,,
libya-2007-2008,24,2008-04-29,16:30,200804291630,tuesday,Al-Madina Tripoli,Al-Akhdar,1,1,2,D,D,D,,,,,,,
libya-2007-2008,25,2008-05-01,15:30,200805011530,thursday,Al Shaat Tripolis,Al Soukour Tobruk,3,2,5,H,W,L,,,,,,,
libya-2007-2008,24,2008-05-01,16:30,200805011630,thursday,Al Ittihad Tripolis,Al-Tirsana,1,0,1,H,W,L,,,,,,,
libya-2007-2008,25,2008-05-02,15:30,200805021530,friday,Al Ahly Benghazi,Ngom Egdabya,2,2,4,D,D,D,,,,,,,
libya-2007-2008,25,2008-05-02,15:30,200805021530,friday,Al-Olympique,Al Nasr Benghazi,0,0,0,D,D,D,0.0,0.0,0.0,D,D,D,
libya-2007-2008,25,2008-05-03,15:30,200805031530,saturday,Al Tahaddy SC,Al-Madina Tripoli,0,0,0,D,D,D,0.0,0.0,0.0,D,D,D,
libya-2007-2008,25,2008-05-03,15:30,200805031530,saturday,Al-Akhdar,Khaleej Sart,2,0,2,H,W,L,,,,,,,
libya-2007-2008,25,2008-05-03,16:30,200805031630,saturday,Al Ahly Tripolis,Al-Uruba,3,1,4,H,W,L,,,,,,,
libya-2007-2008,25,2008-05-05,15:30,200805051530,monday,Al-Tirsana,Al Wahda Tripolis,1,0,1,H,W,L,,,,,,,
libya-2007-2008,25,2008-05-05,16:30,200805051630,monday,Al Jazeera,Al Ittihad Tripolis,0,3,3,A,L,W,,,,,,,
libya-2007-2008,26,2008-05-09,15:00,200805091500,friday,Al Soukour Tobruk,Al-Olympique,2,2,4,D,D,D,,,,,,,
libya-2007-2008,26,2008-05-09,15:00,200805091500,friday,Ngom Egdabya,Al Nasr Benghazi,1,2,3,A,L,W,,,,,,,
libya-2007-2008,26,2008-05-09,16:30,200805091630,friday,Al-Madina Tripoli,Al Ahly Tripolis,2,2,4,D,D,D,,,,,,,
libya-2007-2008,26,2008-05-10,15:30,200805101530,saturday,Al Wahda Tripolis,Al Jazeera,2,0,2,H,W,L,,,,,,,
libya-2007-2008,26,2008-05-10,15:30,200805101530,saturday,Khaleej Sart,Al Tahaddy SC,0,1,1,A,L,W,,,,,,,
libya-2007-2008,26,2008-05-10,15:30,200805101530,saturday,Al-Uruba,Al-Tirsana,0,2,2,A,L,W,,,,,,,
libya-2007-2008,26,2008-06-25,16:30,200806251630,wednesday,Al Ahly Benghazi,Al-Akhdar,2,0,2,H,W,L,,,,,,,
libya-2007-2008,26,2008-06-25,17:30,200806251730,wednesday,Al Ittihad Tripolis,Al Shaat Tripolis,2,1,3,H,W,L,,,,,,,
libya-2007-2008,27,2008-06-29,16:30,200806291630,sunday,Al Nasr Benghazi,Al Soukour Tobruk,5,1,6,H,W,L,,,,,,,
libya-2007-2008,27,2008-06-29,17:30,200806291730,sunday,Al Jazeera,Al-Uruba,0,1,1,A,L,W,,,,,,,
libya-2007-2008,27,2008-06-29,17:30,200806291730,sunday,Al-Tirsana,Al-Madina Tripoli,2,1,3,H,W,L,,,,,,,
libya-2007-2008,27,2008-06-30,16:30,200806301630,monday,Al-Akhdar,Ngom Egdabya,2,1,3,H,W,L,,,,,,,
libya-2007-2008,27,2008-06-30,16:30,200806301630,monday,Al Shaat Tripolis,Al Wahda Tripolis,1,3,4,A,L,W,,,,,,,
libya-2007-2008,27,2008-06-30,16:30,200806301630,monday,Al Tahaddy SC,Al Ahly Benghazi,2,2,4,D,D,D,,,,,,,
libya-2007-2008,27,2008-06-30,17:30,200806301730,monday,Al Ahly Tripolis,Khaleej Sart,2,0,2,H,W,L,,,,,,,
libya-2007-2008,27,2008-06-30,17:30,200806301730,monday,Al-Olympique,Al Ittihad Tripolis,0,0,0,D,D,D,0.0,0.0,0.0,D,D,D,
libya-2007-2008,28,2008-07-03,16:30,200807031630,thursday,Ngom Egdabya,Al Soukour Tobruk,1,2,3,A,L,W,,,,,,,
libya-2007-2008,28,2008-07-03,16:30,200807031630,thursday,Al-Madina Tripoli,Al Jazeera,0,0,0,D,D,D,0.0,0.0,0.0,D,D,D,
libya-2007-2008,28,2008-07-03,16:30,200807031630,thursday,Khaleej Sart,Al-Tirsana,4,2,6,H,W,L,,,,,,,
libya-2007-2008,21,2008-07-04,16:00,200807041600,friday,Al-Akhdar,Al Ittihad Tripolis,0,2,2,A,L,W,,,,,,,
libya-2007-2008,28,2008-07-04,16:30,200807041630,friday,Al Wahda Tripolis,Al-Olympique,0,1,1,A,L,W,,,,,,,
libya-2007-2008,28,2008-07-04,16:30,200807041630,friday,Al-Uruba,Al Shaat Tripolis,0,2,2,A,L,W,,,,,,,
libya-2007-2008,28,2008-07-15,16:00,200807151600,tuesday,Al-Akhdar,Al Tahaddy SC,1,1,2,D,D,D,,,,,,,
libya-2007-2008,28,2008-07-15,16:30,200807151630,tuesday,Al Ittihad Tripolis,Al Nasr Benghazi,1,0,1,H,W,L,,,,,,,
libya-2007-2008,28,2008-07-15,16:30,200807151630,tuesday,Al Ahly Benghazi,Al Ahly Tripolis,1,1,2,D,D,D,,,,,,,
libya-2007-2008,29,2008-07-18,16:00,200807181600,friday,Al-Olympique,Al-Uruba,0,3,3,A,L,W,,,,,,,
libya-2007-2008,29,2008-07-18,16:00,200807181600,friday,Al Shaat Tripolis,Al-Madina Tripoli,1,0,1,H,W,L,,,,,,,
libya-2007-2008,29,2008-07-18,16:00,200807181600,friday,Al Nasr Benghazi,Al Wahda Tripolis,1,2,3,A,L,W,,,,,,,
libya-2007-2008,29,2008-07-18,16:00,200807181600,friday,Al Jazeera,Khaleej Sart,2,1,3,H,W,L,,,,,,,
libya-2007-2008,29,2008-07-18,16:00,200807181600,friday,Ngom Egdabya,Al Tahaddy SC,2,4,6,A,L,W,,,,,,,
libya-2007-2008,29,2008-07-19,16:00,200807191600,saturday,Al-Tirsana,Al Ahly Benghazi,0,0,0,D,D,D,0.0,0.0,0.0,D,D,D,
libya-2007-2008,29,2008-07-19,16:00,200807191600,saturday,Al Ahly Tripolis,Al-Akhdar,4,1,5,H,W,L,,,,,,,
libya-2007-2008,29,2008-07-19,16:00,200807191600,saturday,Al Soukour Tobruk,Al Ittihad Tripolis,0,4,4,A,L,W,,,,,,,
libya-2007-2008,30,2008-07-22,16:00,200807221600,tuesday,Al-Uruba,Al Nasr Benghazi,2,1,3,H,W,L,,,,,,,
libya-2007-2008,30,2008-07-22,16:00,200807221600,tuesday,Al-Madina Tripoli,Al-Olympique,0,1,1,A,L,W,,,,,,,
libya-2007-2008,30,2008-07-22,16:00,200807221600,tuesday,Al Wahda Tripolis,Al Soukour Tobruk,6,1,7,H,W,L,,,,,,,
libya-2007-2008,30,2008-07-22,16:00,200807221600,tuesday,Al-Akhdar,Al-Tirsana,2,0,2,H,W,L,,,,,,,
libya-2007-2008,30,2008-07-22,16:00,200807221600,tuesday,Khaleej Sart,Al Shaat Tripolis,0,1,1,A,L,W,,,,,,,
libya-2007-2008,30,2008-07-22,16:00,200807221600,tuesday,Al Ahly Benghazi,Al Jazeera,1,1,2,D,D,D,,,,,,,
libya-2007-2008,30,2008-07-22,16:00,200807221600,tuesday,Al Tahaddy SC,Al Ahly Tripolis,1,0,1,H,W,L,,,,,,,
libya-2007-2008,30,2008-07-22,18:30,200807221830,tuesday,Al Ittihad Tripolis,Ngom Egdabya,6,0,6,H,W,L,,,,,,,
libya-2008-2009,1,2008-10-17,14:30,200810171430,friday,Al-Akhdar,Al-Tirsana,3,1,4,H,W,L,,,,,,,
libya-2008-2009,1,2008-10-17,15:00,200810171500,friday,Al Wefaq,Al-Olympique,2,2,4,D,D,D,,,,,,,
libya-2008-2009,1,2008-10-17,17:00,200810171700,friday,Al Ahly Tripolis,Al Ahly Benghazi,2,2,4,D,D,D,,,,,,,
libya-2008-2009,1,2008-10-18,15:00,200810181500,saturday,Al Wahda Tripolis,Al Amen Al 'Aam,0,1,1,A,L,W,,,,,,,
libya-2008-2009,1,2008-10-18,15:00,200810181500,saturday,Al Jazeera,Al Hilal,0,1,1,A,L,W,,,,,,,
libya-2008-2009,1,2008-10-18,15:00,200810181500,saturday,Al-Madina Tripoli,Al-Swihli,1,2,3,A,L,W,,,,,,,
libya-2008-2009,1,2008-10-19,15:00,200810191500,sunday,Khaleej Sart,Al Shaat Tripolis,1,1,2,D,D,D,,,,,,,
libya-2008-2009,1,2008-10-19,17:00,200810191700,sunday,Al Ittihad Tripolis,Al Nasr Benghazi,2,2,4,D,D,D,,,,,,,
libya-2008-2009,2,2008-10-24,15:00,200810241500,friday,Al Wefaq,Al Ahly Benghazi,1,2,3,A,L,W,,,,,,,
libya-2008-2009,2,2008-10-24,15:00,200810241500,friday,Al-Swihli,Al Ahly Tripolis,1,1,2,D,D,D,,,,,,,
libya-2008-2009,2,2008-10-24,15:00,200810241500,friday,Al Hilal,Al Amen Al 'Aam,1,0,1,H,W,L,,,,,,,
libya-2008-2009,2,2008-10-24,17:00,200810241700,friday,Al Ittihad Tripolis,Al-Tirsana,0,0,0,D,D,D,0.0,0.0,0.0,D,D,D,
libya-2008-2009,2,2008-10-25,14:00,200810251400,saturday,Al Nasr Benghazi,Khaleej Sart,1,2,3,A,L,W,,,,,,,
libya-2008-2009,2,2008-10-25,14:00,200810251400,saturday,Al-Olympique,Al-Madina Tripoli,0,0,0,D,D,D,0.0,0.0,0.0,D,D,D,
libya-2008-2009,2,2008-10-25,14:00,200810251400,saturday,Al Jazeera,Al Shaat Tripolis,3,2,5,H,W,L,,,,,,,
libya-2008-2009,2,2008-10-25,16:00,200810251600,saturday,Al Wahda Tripolis,Al-Akhdar,0,1,1,A,L,W,,,,,,,
libya-2008-2009,3,2008-10-31,14:00,200810311400,friday,Al-Swihli,Khaleej Sart,0,1,1,A,L,W,,,,,,,
libya-2008-2009,3,2008-10-31,14:00,200810311400,friday,Al Amen Al 'Aam,Al Wefaq,0,0,0,D,D,D,0.0,0.0,0.0,D,D,D,
libya-2008-2009,3,2008-10-31,14:00,200810311400,friday,Al Shaat Tripolis,Al Nasr Benghazi,2,1,3,H,W,L,,,,,,,
libya-2008-2009,3,2008-11-01,14:00,200811011400,saturday,Al-Tirsana,Al Hilal,1,0,1,H,W,L,,,,,,,
libya-2008-2009,3,2008-11-01,14:00,200811011400,saturday,Al Wahda Tripolis,Al-Olympique,1,1,2,D,D,D,,,,,,,
libya-2008-2009,3,2008-11-02,16:00,200811021600,sunday,Al Ittihad Tripolis,Al-Madina Tripoli,0,2,2,A,L,W,,,,,,,
libya-2008-2009,3,2008-11-03,13:00,200811031300,monday,Al Ahly Benghazi,Al Jazeera,3,0,3,H,W,L,,,,,,,
libya-2008-2009,3,2008-11-03,15:00,200811031500,monday,Al Ahly Tripolis,Al-Akhdar,3,2,5,H,W,L,,,,,,,
libya-2008-2009,4,2008-11-05,13:00,200811051300,wednesday,Al Nasr Benghazi,Al-Swihli,3,0,3,H,W,L,,,,,,,
libya-2008-2009,4,2008-11-06,13:00,200811061300,thursday,Al Wefaq,Al Wahda Tripolis,2,0,2,H,W,L,,,,,,,
libya-2008-2009,4,2008-11-06,13:00,200811061300,thursday,Al Ahly Benghazi,Al-Tirsana,3,0,3,H,W,L,,,,,,,
libya-2008-2009,4,2008-11-06,13:30,200811061330,thursday,Al-Olympique,Al Amen Al 'Aam,2,1,3,H,W,L,,,,,,,
libya-2008-2009,4,2008-11-06,15:30,200811061530,thursday,Al Shaat Tripolis,Al-Madina Tripoli,2,0,2,H,W,L,,,,,,,
libya-2008-2009,4,2008-11-07,13:00,200811071300,friday,Al Hilal,Al Ahly Tripolis,0,2,2,A,L,W,,,,,,,
libya-2008-2009,4,2008-11-07,13:00,200811071300,friday,Al-Akhdar,Al Jazeera,1,0,1,H,W,L,,,,,,,
libya-2008-2009,4,2008-11-07,13:00,200811071300,friday,Khaleej Sart,Al Ittihad Tripolis,0,1,1,A,L,W,,,,,,,
libya-2008-2009,5,2008-11-10,13:00,200811101300,monday,Al Nasr Benghazi,Al Wahda Tripolis,4,0,4,H,W,L,,,,,,,
libya-2008-2009,5,2008-11-10,15:30,200811101530,monday,Al-Madina Tripoli,Al Amen Al 'Aam,2,0,2,H,W,L,,,,,,,
libya-2008-2009,5,2008-11-11,13:00,200811111300,tuesday,Al-Swihli,Al-Akhdar,1,0,1,H,W,L,,,,,,,
libya-2008-2009,5,2008-11-11,13:00,200811111300,tuesday,Al Shaat Tripolis,Al Hilal,3,3,6,D,D,D,,,,,,,
libya-2008-2009,5,2008-11-11,13:30,200811111330,tuesday,Al-Olympique,Al-Tirsana,1,0,1,H,W,L,,,,,,,
libya-2008-2009,5,2008-11-11,13:30,200811111330,tuesday,Khaleej Sart,Al Wefaq,1,1,2,D,D,D,,,,,,,
libya-2008-2009,5,2008-11-11,15:00,200811111500,tuesday,Al Ittihad Tripolis,Al Ahly Benghazi,1,0,1,H,W,L,,,,,,,
libya-2008-2009,6,2008-11-14,13:30,200811141330,friday,Al Amen Al 'Aam,Al Nasr Benghazi,0,1,1,A,L,W,,,,,,,
libya-2008-2009,5,2008-11-15,13:00,200811151300,saturday,Al Jazeera,Al Ahly Tripolis,1,2,3,A,L,W,,,,,,,
libya-2008-2009,6,2008-11-15,13:00,200811151300,saturday,Al-Akhdar,Al Shaat Tripolis,1,0,1,H,W,L,,,,,,,
libya-2008-2009,6,2008-11-15,13:00,200811151300,saturday,Al Hilal,Al Ittihad Tripolis,0,1,1,A,L,W,,,,,,,
libya-2008-2009,6,2008-11-15,13:30,200811151330,saturday,Al Wefaq,Al-Madina Tripoli,1,0,1,H,W,L,,,,,,,
libya-2008-2009,6,2008-11-15,13:30,200811151330,saturday,Al Wahda Tripolis,Khaleej Sart,1,2,3,A,L,W,,,,,,,
libya-2008-2009,6,2008-11-16,13:00,200811161300,sunday,Al Ahly Benghazi,Al-Swihli,3,1,4,H,W,L,,,,,,,
libya-2008-2009,6,2008-11-18,15:30,200811181530,tuesday,Al Ahly Tripolis,Al-Olympique,1,0,1,H,W,L,,,,,,,
libya-2008-2009,6,2008-11-19,13:30,200811191330,wednesday,Al-Tirsana,Al Jazeera,1,0,1,H,W,L,,,,,,,
libya-2008-2009,7,2008-11-20,13:30,200811201330,thursday,Al Shaat Tripolis,Al Wefaq,1,1,2,D,D,D,,,,,,,
libya-2008-2009,7,2008-11-20,15:30,200811201530,thursday,Al Ittihad Tripolis,Al Amen Al 'Aam,1,0,1,H,W,L,,,,,,,
libya-2008-2009,7,2008-11-21,13:30,200811211330,friday,Al Hilal,Al Ahly Benghazi,1,4,5,A,L,W,,,,,,,
libya-2008-2009,7,2008-11-21,13:30,200811211330,friday,Al-Swihli,Al Wahda Tripolis,4,2,6,H,W,L,,,,,,,
libya-2008-2009,7,2008-11-22,15:30,200811221530,saturday,Al-Madina Tripoli,Al-Tirsana,1,1,2,D,D,D,,,,,,,
libya-2008-2009,7,2008-11-24,13:00,200811241300,monday,Khaleej Sart,Al Jazeera,4,0,4,H,W,L,,,,,,,
libya-2008-2009,7,2008-12-02,13:30,200812021330,tuesday,Al-Olympique,Al-Akhdar,1,1,2,D,D,D,,,,,,,
libya-2008-2009,7,2008-12-04,15:00,200812041500,thursday,Al Ahly Tripolis,Al Nasr Benghazi,2,0,2,H,W,L,,,,,,,
libya-2008-2009,8,2008-12-16,13:00,200812161300,tuesday,Al-Swihli,Al-Olympique,3,3,6,D,D,D,,,,,,,
libya-2008-2009,8,2008-12-16,13:00,200812161300,tuesday,Al Hilal,Khaleej Sart,0,0,0,D,D,D,0.0,0.0,0.0,D,D,D,
libya-2008-2009,8,2008-12-16,13:00,200812161300,tuesday,Al Amen Al 'Aam,Al-Tirsana,0,2,2,A,L,W,,,,,,,
libya-2008-2009,8,2008-12-16,13:00,200812161300,tuesday,Al Nasr Benghazi,Al-Akhdar,2,0,2,H,W,L,,,,,,,
libya-2008-2009,8,2008-12-17,13:00,200812171300,wednesday,Al Jazeera,Al Wahda Tripolis,1,0,1,H,W,L,,,,,,,
libya-2008-2009,8,2008-12-17,13:00,200812171300,wednesday,Al Ahly Benghazi,Al-Madina Tripoli,1,1,2,D,D,D,,,,,,,
libya-2008-2009,8,2008-12-17,13:00,200812171300,wednesday,Al Wefaq,Al Ahly Tripolis,0,1,1,A,L,W,,,,,,,
libya-2008-2009,9,2008-12-19,13:00,200812191300,friday,Al-Olympique,Al Hilal,1,1,2,D,D,D,,,,,,,
libya-2008-2009,9,2008-12-19,13:00,200812191300,friday,Al Amen Al 'Aam,Al-Swihli,1,2,3,A,L,W,,,,,,,
libya-2008-2009,9,2008-12-19,15:30,200812191530,friday,Al-Tirsana,Al Nasr Benghazi,0,1,1,A,L,W,,,,,,,
libya-2008-2009,9,2008-12-20,13:00,200812201300,saturday,Al Wahda Tripolis,Al Shaat Tripolis,1,1,2,D,D,D,,,,,,,
libya-2008-2009,9,2008-12-20,13:00,200812201300,saturday,Al-Akhdar,Al Ahly Benghazi,2,0,2,H,W,L,,,,,,,
libya-2008-2009,9,2008-12-20,15:30,200812201530,saturday,Al-Madina Tripoli,Al Jazeera,1,0,1,H,W,L,,,,,,,
libya-2008-2009,9,2008-12-21,15:30,200812211530,sunday,Al Ahly Tripolis,Khaleej Sart,4,0,4,H,W,L,,,,,,,
libya-2008-2009,10,2008-12-25,13:00,200812251300,thursday,Al-Swihli,Al Wefaq,0,0,0,D,D,D,0.0,0.0,0.0,D,D,D,
libya-2008-2009,10,2008-12-25,13:00,200812251300,thursday,Al Nasr Benghazi,Al Jazeera,1,0,1,H,W,L,,,,,,,
libya-2008-2009,10,2008-12-25,15:30,200812251530,thursday,Al Amen Al 'Aam,Al Shaat Tripolis,0,3,3,A,L,W,,,,,,,
libya-2008-2009,10,2008-12-26,13:00,200812261300,friday,Al Hilal,Al-Akhdar,1,4,5,A,L,W,,,,,,,
libya-2008-2009,10,2008-12-26,13:00,200812261300,friday,Khaleej Sart,Al-Tirsana,2,2,4,D,D,D,,,,,,,
libya-2008-2009,10,2008-12-26,15:30,200812261530,friday,Al-Madina Tripoli,Al Ahly Tripolis,0,1,1,A,L,W,,,,,,,
libya-2008-2009,10,2008-12-27,13:00,200812271300,saturday,Al Ahly Benghazi,Al-Olympique,5,2,7,H,W,L,,,,,,,
libya-2008-2009,10,2008-12-27,15:30,200812271530,saturday,Al Wahda Tripolis,Al Ittihad Tripolis,1,5,6,A,L,W,,,,,,,
libya-2008-2009,8,2009-01-05,15:30,200901051530,monday,Al Shaat Tripolis,Al Ittihad Tripolis,1,1,2,D,D,D,,,,,,,
libya-2008-2009,9,2009-01-12,15:30,200901121530,monday,Al Ittihad Tripolis,Al Wefaq,2,1,3,H,W,L,,,,,,,
libya-2008-2009,11,2009-01-15,13:00,200901151300,thursday,Al-Akhdar,Al Amen Al 'Aam,1,0,1,H,W,L,,,,,,,
libya-2008-2009,11,2009-01-15,13:30,200901151330,thursday,Al-Olympique,Khaleej Sart,0,0,0,D,D,D,0.0,0.0,0.0,D,D,D,
libya-2008-2009,11,2009-01-15,15:30,200901151530,thursday,Al-Tirsana,Al-Swihli,2,1,3,H,W,L,,,,,,,
libya-2008-2009,11,2009-01-15,15:30,200901151530,thursday,Al-Madina Tripoli,Al Nasr Benghazi,0,0,0,D,D,D,0.0,0.0,0.0,D,D,D,
libya-2008-2009,11,2009-01-16,13:00,200901161300,friday,Al Wefaq,Al Hilal,1,2,3,A,L,W,,,,,,,
libya-2008-2009,11,2009-01-16,13:30,200901161330,friday,Al Jazeera,Al Ittihad Tripolis,0,2,2,A,L,W,,,,,,,
libya-2008-2009,11,2009-01-16,15:30,200901161530,friday,Al Wahda Tripolis,Al Ahly Benghazi,0,2,2,A,L,W,,,,,,,
libya-2008-2009,11,2009-01-16,15:30,200901161530,friday,Al Ahly Tripolis,Al Shaat Tripolis,4,1,5,H,W,L,,,,,,,
libya-2008-2009,12,2009-01-19,13:00,200901191300,monday,Al Nasr Benghazi,Al-Olympique,0,0,0,D,D,D,0.0,0.0,0.0,D,D,D,
libya-2008-2009,12,2009-01-19,13:00,200901191300,monday,Khaleej Sart,Al-Madina Tripoli,0,1,1,A,L,W,,,,,,,
libya-2008-2009,12,2009-01-20,13:00,200901201300,tuesday,Al Amen Al 'Aam,Al Ahly Benghazi,0,2,2,A,L,W,,,,,,,
libya-2008-2009,12,2009-01-20,13:00,200901201300,tuesday,Al-Akhdar,Al Wefaq,4,1,5,H,W,L,,,,,,,
libya-2008-2009,12,2009-01-20,13:00,200901201300,tuesday,Al Hilal,Al Wahda Tripolis,2,1,3,H,W,L,,,,,,,
libya-2008-2009,12,2009-01-20,15:30,200901201530,tuesday,Al Shaat Tripolis,Al-Tirsana,0,4,4,A,L,W,,,,,,,
libya-2008-2009,12,2009-01-20,,200901200000,tuesday,Al-Swihli,Al Jazeera,2,0,2,H,W,L,,,,,,,
libya-2008-2009,12,2009-01-21,13:30,200901211330,wednesday,Al Ittihad Tripolis,Al Ahly Tripolis,2,1,3,H,W,L,,,,,,,
libya-2008-2009,13,2009-01-23,13:30,200901231330,friday,Khaleej Sart,Al-Akhdar,2,2,4,D,D,D,,,,,,,
libya-2008-2009,13,2009-01-23,13:30,200901231330,friday,Al Wefaq,Al-Tirsana,1,3,4,A,L,W,,,,,,,
libya-2008-2009,13,2009-01-23,13:30,200901231330,friday,Al-Madina Tripoli,Al Hilal,1,0,1,H,W,L,,,,,,,
libya-2008-2009,13,2009-01-23,15:30,200901231530,friday,Al Shaat Tripolis,Al-Swihli,2,3,5,A,L,W,,,,,,,
libya-2008-2009,13,2009-01-24,13:30,200901241330,saturday,Al Ahly Benghazi,Al Nasr Benghazi,2,1,3,H,W,L,,,,,,,
libya-2008-2009,13,2009-01-24,15:30,200901241530,saturday,Al Ahly Tripolis,Al Wahda Tripolis,2,1,3,H,W,L,,,,,,,
libya-2008-2009,13,2009-01-25,15:30,200901251530,sunday,Al Ittihad Tripolis,Al-Olympique,2,1,3,H,W,L,,,,,,,
libya-2008-2009,14,2009-01-29,13:30,200901291330,thursday,Al-Akhdar,Al-Madina Tripoli,2,0,2,H,W,L,,,,,,,
libya-2008-2009,14,2009-01-29,13:30,200901291330,thursday,Al-Olympique,Al Shaat Tripolis,0,1,1,A,L,W,,,,,,,
libya-2008-2009,14,2009-01-29,13:30,200901291330,thursday,Al Jazeera,Al Wefaq,1,0,1,H,W,L,,,,,,,
libya-2008-2009,14,2009-01-30,13:30,200901301330,friday,Al-Swihli,Al Ittihad Tripolis,0,1,1,A,L,W,,,,,,,
libya-2008-2009,14,2009-01-30,13:30,200901301330,friday,Al Nasr Benghazi,Al Hilal,2,0,2,H,W,L,,,,,,,
libya-2008-2009,14,2009-01-30,17:15,200901301715,friday,Al-Tirsana,Al Wahda Tripolis,4,2,6,H,W,L,,,,,,,
libya-2008-2009,14,2009-02-04,14:30,200902041430,wednesday,Al Amen Al 'Aam,Al Ahly Tripolis,0,1,1,A,L,W,,,,,,,
libya-2008-2009,14,2009-02-05,13:30,200902051330,thursday,Al Ahly Benghazi,Khaleej Sart,0,1,1,A,L,W,,,,,,,
libya-2008-2009,15,2009-02-05,13:30,200902051330,thursday,Al Wefaq,Al Nasr Benghazi,0,2,2,A,L,W,,,,,,,
libya-2008-2009,15,2009-02-05,14:30,200902051430,thursday,Al-Madina Tripoli,Al Wahda Tripolis,2,1,3,H,W,L,,,,,,,
libya-2008-2009,15,2009-02-06,13:30,200902061330,friday,Al-Olympique,Al Jazeera,2,0,2,H,W,L,,,,,,,
libya-2008-2009,15,2009-02-06,13:30,200902061330,friday,Al Hilal,Al-Swihli,1,1,2,D,D,D,,,,,,,
libya-2008-2009,15,2009-02-06,14:30,200902061430,friday,Al Ittihad Tripolis,Al-Akhdar,3,0,3,H,W,L,,,,,,,
libya-2008-2009,15,2009-02-08,13:30,200902081330,sunday,Khaleej Sart,Al Amen Al 'Aam,1,1,2,D,D,D,,,,,,,
libya-2008-2009,15,2009-02-08,14:30,200902081430,sunday,Al-Tirsana,Al Ahly Tripolis,0,0,0,D,D,D,0.0,0.0,0.0,D,D,D,
libya-2008-2009,15,2009-02-08,14:30,200902081430,sunday,Al Shaat Tripolis,Al Ahly Benghazi,3,3,6,D,D,D,,,,,,,
libya-2008-2009,13,2009-02-11,13:30,200902111330,wednesday,Al Jazeera,Al Amen Al 'Aam,1,1,2,D,D,D,,,,,,,
libya-2008-2009,16,2009-03-13,14:00,200903131400,friday,Al-Tirsana,Al-Akhdar,1,0,1,H,W,L,,,,,,,
libya-2008-2009,16,2009-03-13,14:00,200903131400,friday,Al-Olympique,Al Wefaq,2,0,2,H,W,L,,,,,,,
libya-2008-2009,16,2009-03-13,14:00,200903131400,friday,Al-Swihli,Al-Madina Tripoli,0,0,0,D,D,D,0.0,0.0,0.0,D,D,D,
libya-2008-2009,16,2009-03-14,14:00,200903141400,saturday,Al Amen Al 'Aam,Al Wahda Tripolis,1,0,1,H,W,L,,,,,,,
libya-2008-2009,16,2009-03-14,14:00,200903141400,saturday,Al Hilal,Al Jazeera,2,2,4,D,D,D,,,,,,,
libya-2008-2009,16,2009-03-18,14:00,200903181400,wednesday,Al Shaat Tripolis,Khaleej Sart,0,0,0,D,D,D,0.0,0.0,0.0,D,D,D,
libya-2008-2009,16,2009-03-18,14:00,200903181400,wednesday,Al Nasr Benghazi,Al Ittihad Tripolis,1,0,1,H,W,L,,,,,,,
libya-2008-2009,17,2009-03-20,14:00,200903201400,friday,Al Amen Al 'Aam,Al Hilal,3,1,4,H,W,L,,,,,,,
libya-2008-2009,17,2009-03-20,15:00,200903201500,friday,Al-Madina Tripoli,Al-Olympique,0,0,0,D,D,D,0.0,0.0,0.0,D,D,D,
libya-2008-2009,16,2009-03-21,14:00,200903211400,saturday,Al Ahly Benghazi,Al Ahly Tripolis,1,1,2,D,D,D,,,,,,,
libya-2008-2009,17,2009-03-21,14:00,200903211400,saturday,Al-Akhdar,Al Wahda Tripolis,1,0,1,H,W,L,,,,,,,
libya-2008-2009,17,2009-03-22,14:00,200903221400,sunday,Khaleej Sart,Al Nasr Benghazi,1,0,1,H,W,L,,,,,,,
libya-2008-2009,17,2009-03-22,14:00,200903221400,sunday,Al Shaat Tripolis,Al Jazeera,2,1,3,H,W,L,,,,,,,
libya-2008-2009,17,2009-03-23,15:00,200903231500,monday,Al-Tirsana,Al Ittihad Tripolis,1,3,4,A,L,W,,,,,,,
libya-2008-2009,17,2009-03-25,14:00,200903251400,wednesday,Al Ahly Benghazi,Al Wefaq,1,0,1,H,W,L,,,,,,,
libya-2008-2009,17,2009-03-25,15:00,200903251500,wednesday,Al Ahly Tripolis,Al-Swihli,1,2,3,A,L,W,,,,,,,
libya-2008-2009,18,2009-03-27,14:00,200903271400,friday,Al Hilal,Al-Tirsana,0,0,0,D,D,D,0.0,0.0,0.0,D,D,D,
libya-2008-2009,18,2009-03-27,14:00,200903271400,friday,Al-Olympique,Al Wahda Tripolis,0,0,0,D,D,D,0.0,0.0,0.0,D,D,D,
libya-2008-2009,18,2009-03-29,15:00,200903291500,sunday,Al Wefaq,Al Amen Al 'Aam,0,0,0,D,D,D,0.0,0.0,0.0,D,D,D,
libya-2008-2009,18,2009-03-29,15:00,200903291500,sunday,Al-Akhdar,Al Ahly Tripolis,1,2,3,A,L,W,,,,,,,
libya-2008-2009,18,2009-03-29,15:00,200903291500,sunday,Al Jazeera,Al Ahly Benghazi,1,2,3,A,L,W,,,,,,,
libya-2008-2009,18,2009-03-29,15:00,200903291500,sunday,Khaleej Sart,Al-Swihli,2,1,3,H,W,L,,,,,,,
libya-2008-2009,18,2009-03-29,16:00,200903291600,sunday,Al-Madina Tripoli,Al Ittihad Tripolis,1,1,2,D,D,D,,,,,,,
libya-2008-2009,18,2009-03-30,15:00,200903301500,monday,Al Nasr Benghazi,Al Shaat Tripolis,1,2,3,A,L,W,,,,,,,
libya-2008-2009,19,2009-04-02,15:00,200904021500,thursday,Al Amen Al 'Aam,Al-Olympique,1,3,4,A,L,W,,,,,,,
libya-2008-2009,19,2009-04-03,15:00,200904031500,friday,Al-Swihli,Al Nasr Benghazi,0,1,1,A,L,W,,,,,,,
libya-2008-2009,19,2009-04-03,15:00,200904031500,friday,Al Wahda Tripolis,Al Wefaq,1,1,2,D,D,D,,,,,,,
libya-2008-2009,19,2009-04-03,15:00,200904031500,friday,Al Jazeera,Al-Akhdar,1,4,5,A,L,W,,,,,,,
libya-2008-2009,19,2009-04-04,15:00,200904041500,saturday,Al-Madina Tripoli,Al Shaat Tripolis,2,2,4,D,D,D,,,,,,,
libya-2008-2009,19,2009-04-09,15:00,200904091500,thursday,Al-Tirsana,Al Ahly Benghazi,0,0,0,D,D,D,0.0,0.0,0.0,D,D,D,
libya-2008-2009,19,2009-04-09,16:00,200904091600,thursday,Al Ahly Tripolis,Al Hilal,2,0,2,H,W,L,,,,,,,
libya-2008-2009,19,2009-04-10,16:00,200904101600,friday,Al Ittihad Tripolis,Khaleej Sart,3,0,3,H,W,L,,,,,,,
libya-2008-2009,20,2009-04-11,15:00,200904111500,saturday,Al Wahda Tripolis,Al Nasr Benghazi,2,3,5,A,L,W,,,,,,,
libya-2008-2009,20,2009-04-11,15:00,200904111500,saturday,Al Amen Al 'Aam,Al-Madina Tripoli,0,1,1,A,L,W,,,,,,,
libya-2008-2009,20,2009-04-11,15:00,200904111500,saturday,Al-Akhdar,Al-Swihli,1,1,2,D,D,D,,,,,,,
libya-2008-2009,20,2009-04-13,15:00,200904131500,monday,Al Hilal,Al Shaat Tripolis,2,3,5,A,L,W,,,,,,,
libya-2008-2009,20,2009-04-13,15:00,200904131500,monday,Al-Tirsana,Al-Olympique,1,1,2,D,D,D,,,,,,,
libya-2008-2009,20,2009-04-13,15:00,200904131500,monday,Al Wefaq,Khaleej Sart,0,0,0,D,D,D,0.0,0.0,0.0,D,D,D,
libya-2008-2009,20,2009-04-13,16:00,200904131600,monday,Al Ahly Tripolis,Al Jazeera,3,0,3,H,W,L,,,,,,,
libya-2008-2009,20,2009-04-15,15:00,200904151500,wednesday,Al Ahly Benghazi,Al Ittihad Tripolis,1,0,1,H,W,L,,,,,,,
libya-2008-2009,21,2009-04-17,15:00,200904171500,friday,Al Nasr Benghazi,Al Amen Al 'Aam,1,0,1,H,W,L,,,,,,,
libya-2008-2009,21,2009-04-17,15:00,200904171500,friday,Al Shaat Tripolis,Al-Akhdar,2,0,2,H,W,L,,,,,,,
libya-2008-2009,21,2009-04-17,17:30,200904171730,friday,Al Jazeera,Al-Tirsana,1,0,1,H,W,L,,,,,,,
libya-2008-2009,21,2009-04-18,15:00,200904181500,saturday,Khaleej Sart,Al Wahda Tripolis,3,1,4,H,W,L,,,,,,,
libya-2008-2009,21,2009-04-19,16:00,200904191600,sunday,Al-Madina Tripoli,Al Wefaq,1,0,1,H,W,L,,,,,,,
libya-2008-2009,21,2009-04-20,15:00,200904201500,monday,Al-Swihli,Al Ahly Benghazi,0,1,1,A,L,W,,,,,,,
libya-2008-2009,21,2009-04-20,16:00,200904201600,monday,Al Ittihad Tripolis,Al Hilal,4,0,4,H,W,L,,,,,,,
libya-2008-2009,21,2009-04-22,15:00,200904221500,wednesday,Al-Olympique,Al Ahly Tripolis,2,4,6,A,L,W,,,,,,,
libya-2008-2009,22,2009-04-24,15:00,200904241500,friday,Al Wefaq,Al Shaat Tripolis,2,1,3,H,W,L,,,,,,,
libya-2008-2009,22,2009-04-24,15:00,200904241500,friday,Al Jazeera,Khaleej Sart,1,2,3,A,L,W,,,,,,,
libya-2008-2009,22,2009-04-24,17:30,200904241730,friday,Al-Tirsana,Al-Madina Tripoli,2,1,3,H,W,L,,,,,,,
libya-2008-2009,22,2009-04-25,15:00,200904251500,saturday,Al Ahly Benghazi,Al Hilal,2,0,2,H,W,L,,,,,,,
libya-2008-2009,22,2009-04-25,15:00,200904251500,saturday,Al Wahda Tripolis,Al-Swihli,1,3,4,A,L,W,,,,,,,
libya-2008-2009,22,2009-04-25,16:00,200904251600,saturday,Al Amen Al 'Aam,Al Ittihad Tripolis,0,2,2,A,L,W,,,,,,,
libya-2008-2009,22,2009-04-26,15:00,200904261500,sunday,Al-Akhdar,Al-Olympique,2,1,3,H,W,L,,,,,,,
libya-2008-2009,23,2009-04-30,16:00,200904301600,thursday,Khaleej Sart,Al Hilal,1,1,2,D,D,D,,,,,,,
libya-2008-2009,23,2009-04-30,16:00,200904301600,thursday,Al-Tirsana,Al Amen Al 'Aam,2,2,4,D,D,D,,,,,,,
libya-2008-2009,23,2009-04-30,16:30,200904301630,thursday,Al Ittihad Tripolis,Al Shaat Tripolis,3,0,3,H,W,L,,,,,,,
libya-2008-2009,23,2009-05-01,16:00,200905011600,friday,Al-Olympique,Al-Swihli,1,1,2,D,D,D,,,,,,,
libya-2008-2009,23,2009-05-01,16:00,200905011600,friday,Al Wahda Tripolis,Al Jazeera,0,1,1,A,L,W,,,,,,,
libya-2008-2009,23,2009-05-01,16:30,200905011630,friday,Al-Madina Tripoli,Al Ahly Benghazi,3,3,6,D,D,D,,,,,,,
libya-2008-2009,22,2009-05-06,15:00,200905061500,wednesday,Al Nasr Benghazi,Al Ahly Tripolis,2,2,4,D,D,D,,,,,,,
libya-2008-2009,23,2009-05-10,15:30,200905101530,sunday,Al-Akhdar,Al Nasr Benghazi,2,0,2,H,W,L,,,,,,,
libya-2008-2009,23,2009-05-10,16:30,200905101630,sunday,Al Ahly Tripolis,Al Wefaq,3,1,4,H,W,L,,,,,,,
libya-2008-2009,24,2009-05-14,16:00,200905141600,thursday,Al Hilal,Al-Olympique,0,1,1,A,L,W,,,,,,,
libya-2008-2009,24,2009-05-14,16:00,200905141600,thursday,Al-Swihli,Al Amen Al 'Aam,1,1,2,D,D,D,,,,,,,
libya-2008-2009,24,2009-05-14,16:00,200905141600,thursday,Al Nasr Benghazi,Al-Tirsana,1,0,1,H,W,L,,,,,,,
libya-2008-2009,24,2009-05-14,16:00,200905141600,thursday,Al Jazeera,Al-Madina Tripoli,1,0,1,H,W,L,,,,,,,
libya-2008-2009,24,2009-05-14,18:00,200905141800,thursday,Al Shaat Tripolis,Al Wahda Tripolis,1,2,3,A,L,W,,,,,,,
libya-2008-2009,24,2009-05-15,16:00,200905151600,friday,Al Ahly Benghazi,Al-Akhdar,1,0,1,H,W,L,,,,,,,
libya-2008-2009,24,2009-05-15,16:00,200905151600,friday,Al Wefaq,Al Ittihad Tripolis,0,1,1,A,L,W,,,,,,,
libya-2008-2009,24,2009-05-19,16:00,200905191600,tuesday,Khaleej Sart,Al Ahly Tripolis,0,2,2,A,L,W,,,,,,,
libya-2008-2009,25,2009-05-21,16:00,200905211600,thursday,Al Wefaq,Al-Swihli,0,0,0,D,D,D,0.0,0.0,0.0,D,D,D,
libya-2008-2009,25,2009-05-21,16:00,200905211600,thursday,Al Jazeera,Al Nasr Benghazi,1,0,1,H,W,L,,,,,,,
libya-2008-2009,25,2009-05-21,16:00,200905211600,thursday,Al-Akhdar,Al Hilal,0,0,0,D,D,D,0.0,0.0,0.0,D,D,D,
libya-2008-2009,25,2009-05-21,16:30,200905211630,thursday,Al Ittihad Tripolis,Al Wahda Tripolis,6,1,7,H,W,L,,,,,,,
libya-2008-2009,25,2009-05-21,18:00,200905211800,thursday,Al Shaat Tripolis,Al Amen Al 'Aam,0,2,2,A,L,W,,,,,,,
libya-2008-2009,25,2009-05-22,16:00,200905221600,friday,Al-Tirsana,Khaleej Sart,1,1,2,D,D,D,,,,,,,
libya-2008-2009,25,2009-05-22,16:00,200905221600,friday,Al-Olympique,Al Ahly Benghazi,0,1,1,A,L,W,,,,,,,
libya-2008-2009,25,2009-05-24,18:30,200905241830,sunday,Al Ahly Tripolis,Al-Madina Tripoli,0,0,0,D,D,D,0.0,0.0,0.0,D,D,D,
libya-2008-2009,26,2009-05-27,16:00,200905271600,wednesday,Al Amen Al 'Aam,Al-Akhdar,1,0,1,H,W,L,,,,,,,
libya-2008-2009,26,2009-05-27,16:00,200905271600,wednesday,Khaleej Sart,Al-Olympique,2,2,4,D,D,D,,,,,,,
libya-2008-2009,26,2009-05-27,16:00,200905271600,wednesday,Al-Swihli,Al-Tirsana,2,1,3,H,W,L,,,,,,,
libya-2008-2009,26,2009-05-27,16:00,200905271600,wednesday,Al Hilal,Al Wefaq,0,0,0,D,D,D,0.0,0.0,0.0,D,D,D,
libya-2008-2009,26,2009-05-27,17:00,200905271700,wednesday,Al Ittihad Tripolis,Al Jazeera,2,0,2,H,W,L,,,,,,,
libya-2008-2009,26,2009-05-28,16:00,200905281600,thursday,Al Ahly Benghazi,Al Wahda Tripolis,4,1,5,H,W,L,,,,,,,
libya-2008-2009,26,2009-05-29,16:00,200905291600,friday,Al Nasr Benghazi,Al-Madina Tripoli,1,1,2,D,D,D,,,,,,,
libya-2008-2009,27,2009-06-05,16:00,200906051600,friday,Al Jazeera,Al-Swihli,1,0,1,H,W,L,,,,,,,
libya-2008-2009,27,2009-06-05,16:00,200906051600,friday,Al Ahly Benghazi,Al Amen Al 'Aam,4,0,4,H,W,L,,,,,,,
libya-2008-2009,27,2009-06-05,16:00,200906051600,friday,Al Wefaq,Al-Akhdar,1,0,1,H,W,L,,,,,,,
libya-2008-2009,27,2009-06-05,16:00,200906051600,friday,Al Wahda Tripolis,Al Hilal,0,1,1,A,L,W,,,,,,,
libya-2008-2009,26,2009-06-05,17:00,200906051700,friday,Al Shaat Tripolis,Al Ahly Tripolis,1,9,10,A,L,W,,,,,,,
libya-2008-2009,27,2009-06-06,16:00,200906061600,saturday,Al-Olympique,Al Nasr Benghazi,2,2,4,D,D,D,,,,,,,
libya-2008-2009,27,2009-06-06,17:00,200906061700,saturday,Al-Madina Tripoli,Khaleej Sart,0,1,1,A,L,W,,,,,,,
libya-2008-2009,27,2009-06-09,16:00,200906091600,tuesday,Al-Tirsana,Al Shaat Tripolis,2,1,3,H,W,L,,,,,,,
libya-2008-2009,27,2009-06-10,16:00,200906101600,wednesday,Al Ahly Tripolis,Al Ittihad Tripolis,0,2,2,A,L,W,,,,,,,
libya-2008-2009,28,2009-06-12,16:30,200906121630,friday,Al-Tirsana,Al Wefaq,1,1,2,D,D,D,,,,,,,
libya-2008-2009,28,2009-06-12,16:30,200906121630,friday,Al Hilal,Al-Madina Tripoli,2,1,3,H,W,L,,,,,,,
libya-2008-2009,28,2009-06-12,16:30,200906121630,friday,Al Amen Al 'Aam,Al Jazeera,2,1,3,H,W,L,,,,,,,
libya-2008-2009,28,2009-06-13,16:30,200906131630,saturday,Al-Akhdar,Khaleej Sart,1,0,1,H,W,L,,,,,,,
libya-2008-2009,28,2009-06-13,16:30,200906131630,saturday,Al-Swihli,Al Shaat Tripolis,1,0,1,H,W,L,,,,,,,
libya-2008-2009,28,2009-06-14,16:30,200906141630,sunday,Al Nasr Benghazi,Al Ahly Benghazi,1,1,2,D,D,D,,,,,,,
libya-2008-2009,28,2009-06-15,16:30,200906151630,monday,Al Wahda Tripolis,Al Ahly Tripolis,0,2,2,A,L,W,,,,,,,
libya-2008-2009,28,2009-06-15,16:30,200906151630,monday,Al-Olympique,Al Ittihad Tripolis,0,1,1,A,L,W,,,,,,,
libya-2008-2009,29,2009-06-17,16:30,200906171630,wednesday,Al-Madina Tripoli,Al-Akhdar,3,1,4,H,W,L,,,,,,,
libya-2008-2009,29,2009-06-18,16:30,200906181630,thursday,Al Shaat Tripolis,Al-Olympique,5,2,7,H,W,L,,,,,,,
libya-2008-2009,29,2009-06-18,16:30,200906181630,thursday,Al Wefaq,Al Jazeera,4,1,5,H,W,L,,,,,,,
libya-2008-2009,29,2009-06-18,16:30,200906181630,thursday,Al Hilal,Al Nasr Benghazi,3,2,5,H,W,L,,,,,,,
libya-2008-2009,29,2009-06-18,16:30,200906181630,thursday,Al Ahly Tripolis,Al Amen Al 'Aam,1,2,3,A,L,W,,,,,,,
libya-2008-2009,29,2009-06-19,16:30,200906191630,friday,Al Wahda Tripolis,Al-Tirsana,3,2,5,H,W,L,,,,,,,
libya-2008-2009,29,2009-06-19,16:30,200906191630,friday,Khaleej Sart,Al Ahly Benghazi,1,4,5,A,L,W,,,,,,,
libya-2008-2009,29,2009-06-19,18:30,200906191830,friday,Al Ittihad Tripolis,Al-Swihli,2,1,3,H,W,L,,,,,,,
libya-2008-2009,30,2009-06-23,16:30,200906231630,tuesday,Al Wahda Tripolis,Al-Madina Tripoli,2,2,4,D,D,D,,,,,,,
libya-2008-2009,30,2009-06-23,16:30,200906231630,tuesday,Al-Akhdar,Al Ittihad Tripolis,0,0,0,D,D,D,0.0,0.0,0.0,D,D,D,
libya-2008-2009,30,2009-06-23,16:30,200906231630,tuesday,Al Ahly Benghazi,Al Shaat Tripolis,2,0,2,H,W,L,,,,,,,
libya-2008-2009,30,2009-06-24,16:30,200906241630,wednesday,Al Nasr Benghazi,Al Wefaq,1,4,5,A,L,W,,,,,,,
libya-2008-2009,30,2009-06-24,16:30,200906241630,wednesday,Al Jazeera,Al-Olympique,0,1,1,A,L,W,,,,,,,
libya-2008-2009,30,2009-06-24,16:30,200906241630,wednesday,Al-Swihli,Al Hilal,0,0,0,D,D,D,0.0,0.0,0.0,D,D,D,
libya-2008-2009,30,2009-06-24,16:30,200906241630,wednesday,Al Amen Al 'Aam,Khaleej Sart,2,0,2,H,W,L,,,,,,,
libya-2008-2009,30,2009-06-26,16:30,200906261630,friday,Al Ahly Tripolis,Al-Tirsana,2,0,2,H,W,L,,,,,,,
libya-2009-2010,1,2009-10-08,15:00,200910081500,thursday,Khaleej Sart,Al Tahaddy SC,2,3,5,A,L,W,,,,,,,
libya-2009-2010,1,2009-10-08,15:00,200910081500,thursday,Al Ahly Benghazi,Al-Madina Tripoli,0,0,0,D,D,D,0.0,0.0,0.0,D,D,D,
libya-2009-2010,1,2009-10-08,15:30,200910081530,thursday,Al Shaat Tripolis,Al-Tirsana,1,1,2,D,D,D,,,,,,,
libya-2009-2010,1,2009-10-09,15:00,200910091500,friday,Al Hilal,Al Nasr Benghazi,0,2,2,A,L,W,,,,,,,
libya-2009-2010,1,2009-10-09,15:00,200910091500,friday,Al-Akhdar,Al Ahly Tripolis,2,1,3,H,W,L,,,,,,,
libya-2009-2010,1,2009-10-09,15:00,200910091500,friday,Al-Swihli,Al-Najma,2,1,3,H,W,L,,,,,,,
libya-2009-2010,1,2009-10-09,15:30,200910091530,friday,Al-Olympique,Al Ittihad Tripolis,0,2,2,A,L,W,,,,,,,
libya-2009-2010,2,2009-10-15,15:00,200910151500,thursday,Al Ahly Tripolis,Al-Najma,3,0,3,H,W,L,,,,,,,
libya-2009-2010,2,2009-10-15,15:00,200910151500,thursday,Al Nasr Benghazi,Khaleej Sart,4,1,5,H,W,L,,,,,,,
libya-2009-2010,2,2009-10-15,15:00,200910151500,thursday,Al-Tirsana,Al-Madina Tripoli,3,0,3,H,W,L,,,,,,,
libya-2009-2010,2,2009-10-16,15:00,200910161500,friday,Al Shaat Tripolis,Al-Olympique,1,0,1,H,W,L,,,,,,,
libya-2009-2010,2,2009-10-16,15:00,200910161500,friday,Al-Swihli,Al Hilal,1,0,1,H,W,L,,,,,,,
libya-2009-2010,2,2009-10-16,15:30,200910161530,friday,Al Ittihad Tripolis,Al Tahaddy SC,3,0,3,H,W,L,,,,,,,
libya-2009-2010,2,2009-10-18,15:00,200910181500,sunday,Al-Akhdar,Al Ahly Benghazi,2,1,3,H,W,L,,,,,,,
libya-2009-2010,3,2009-10-22,15:00,200910221500,thursday,Al-Najma,Al-Akhdar,1,1,2,D,D,D,,,,,,,
libya-2009-2010,3,2009-10-22,15:30,200910221530,thursday,Al Shaat Tripolis,Al Nasr Benghazi,1,3,4,A,L,W,,,,,,,
libya-2009-2010,3,2009-10-22,15:30,200910221530,thursday,Al-Madina Tripoli,Al Hilal,0,0,0,D,D,D,0.0,0.0,0.0,D,D,D,
libya-2009-2010,3,2009-10-23,15:00,200910231500,friday,Khaleej Sart,Al-Tirsana,2,0,2,H,W,L,,,,,,,
libya-2009-2010,3,2009-10-23,15:30,200910231530,friday,Al-Olympique,Al Ahly Tripolis,0,0,0,D,D,D,0.0,0.0,0.0,D,D,D,
libya-2009-2010,3,2009-10-23,,200910230000,friday,Al Ahly Benghazi,Al Ittihad Tripolis,0,2,2,A,L,W,,,,,,,
libya-2009-2010,3,2009-10-24,15:00,200910241500,saturday,Al Tahaddy SC,Al-Swihli,1,2,3,A,L,W,,,,,,,
libya-2009-2010,4,2009-10-29,14:00,200910291400,thursday,Al-Madina Tripoli,Al-Olympique,2,1,3,H,W,L,,,,,,,
libya-2009-2010,4,2009-10-29,17:30,200910291730,thursday,Al Ahly Benghazi,Al Nasr Benghazi,2,1,3,H,W,L,,,,,,,
libya-2009-2010,4,2009-10-30,13:30,200910301330,friday,Al Hilal,Al Shaat Tripolis,3,2,5,H,W,L,,,,,,,
libya-2009-2010,4,2009-10-30,13:30,200910301330,friday,Al-Najma,Khaleej Sart,1,0,1,H,W,L,,,,,,,
libya-2009-2010,4,2009-10-31,14:00,200910311400,saturday,Al Ahly Tripolis,Al-Swihli,2,0,2,H,W,L,,,,,,,
libya-2009-2010,4,2009-11-01,13:30,200911011330,sunday,Al Tahaddy SC,Al-Tirsana,2,2,4,D,D,D,,,,,,,
libya-2009-2010,4,2009-11-03,14:00,200911031400,tuesday,Al Ittihad Tripolis,Al-Akhdar,3,0,3,H,W,L,,,,,,,
libya-2009-2010,5,2009-11-05,13:30,200911051330,thursday,Al Shaat Tripolis,Al Ahly Benghazi,0,2,2,A,L,W,,,,,,,
libya-2009-2010,5,2009-11-05,15:30,200911051530,thursday,Al Ahly Tripolis,Al-Tirsana,3,2,5,H,W,L,,,,,,,
libya-2009-2010,5,2009-11-06,13:00,200911061300,friday,Al Tahaddy SC,Al-Najma,0,1,1,A,L,W,,,,,,,
libya-2009-2010,5,2009-11-06,13:30,200911061330,friday,Al-Olympique,Al Hilal,1,2,3,A,L,W,,,,,,,
libya-2009-2010,5,2009-11-06,15:00,200911061500,friday,Al-Swihli,Al-Madina Tripoli,0,1,1,A,L,W,,,,,,,
libya-2009-2010,5,2009-11-07,13:00,200911071300,saturday,Al-Akhdar,Al Nasr Benghazi,1,0,1,H,W,L,,,,,,,
libya-2009-2010,5,2009-11-07,13:30,200911071330,saturday,Khaleej Sart,Al Ittihad Tripolis,2,3,5,A,L,W,,,,,,,
libya-2009-2010,6,2009-11-12,13:00,200911121300,thursday,Al Ahly Benghazi,Al Ahly Tripolis,0,0,0,D,D,D,0.0,0.0,0.0,D,D,D,
libya-2009-2010,6,2009-11-12,13:30,200911121330,thursday,Al-Olympique,Al-Najma,1,1,2,D,D,D,,,,,,,
libya-2009-2010,6,2009-11-12,14:00,200911121400,thursday,Al-Tirsana,Al-Swihli,2,1,3,H,W,L,,,,,,,
libya-2009-2010,6,2009-11-13,13:00,200911131300,friday,Al Hilal,Al Ittihad Tripolis,1,1,2,D,D,D,,,,,,,
libya-2009-2010,6,2009-11-13,13:00,200911131300,friday,Al-Akhdar,Al Tahaddy SC,3,1,4,H,W,L,,,,,,,
libya-2009-2010,6,2009-11-13,13:00,200911131300,friday,Khaleej Sart,Al Shaat Tripolis,4,1,5,H,W,L,,,,,,,
libya-2009-2010,6,2009-11-13,15:30,200911131530,friday,Al-Madina Tripoli,Al Nasr Benghazi,2,2,4,D,D,D,,,,,,,
libya-2009-2010,7,2009-11-19,13:00,200911191300,thursday,Al Ittihad Tripolis,Al Ahly Tripolis,2,1,3,H,W,L,,,,,,,
libya-2009-2010,7,2009-11-19,13:00,200911191300,thursday,Al Tahaddy SC,Al Nasr Benghazi,0,4,4,A,L,W,,,,,,,
libya-2009-2010,7,2009-11-20,13:00,200911201300,friday,Al Ahly Benghazi,Khaleej Sart,0,2,2,A,L,W,,,,,,,
libya-2009-2010,7,2009-11-20,14:00,200911201400,friday,Al-Tirsana,Al Hilal,1,2,3,A,L,W,,,,,,,
libya-2009-2010,7,2009-11-20,15:30,200911201530,friday,Al-Swihli,Al-Olympique,0,0,0,D,D,D,0.0,0.0,0.0,D,D,D,
libya-2009-2010,7,2009-11-21,13:00,200911211300,saturday,Al-Najma,Al-Madina Tripoli,0,1,1,A,L,W,,,,,,,
libya-2009-2010,7,2009-11-21,14:00,200911211400,saturday,Al Shaat Tripolis,Al-Akhdar,2,1,3,H,W,L,,,,,,,
libya-2009-2010,8,2009-12-03,13:00,200912031300,thursday,Khaleej Sart,Al-Swihli,2,2,4,D,D,D,,,,,,,
libya-2009-2010,8,2009-12-03,14:00,200912031400,thursday,Al Shaat Tripolis,Al-Madina Tripoli,1,1,2,D,D,D,,,,,,,
libya-2009-2010,8,2009-12-03,16:30,200912031630,thursday,Al Ittihad Tripolis,Al Nasr Benghazi,3,0,3,H,W,L,,,,,,,
libya-2009-2010,8,2009-12-04,13:00,200912041300,friday,Al Ahly Benghazi,Al-Najma,2,1,3,H,W,L,,,,,,,
libya-2009-2010,8,2009-12-04,13:00,200912041300,friday,Al-Akhdar,Al-Tirsana,2,2,4,D,D,D,,,,,,,
libya-2009-2010,8,2009-12-04,13:30,200912041330,friday,Al-Olympique,Al Tahaddy SC,0,1,1,A,L,W,,,,,,,
libya-2009-2010,8,2009-12-04,16:30,200912041630,friday,Al Ahly Tripolis,Al Hilal,0,1,1,A,L,W,,,,,,,
libya-2009-2010,9,2009-12-10,13:00,200912101300,thursday,Al-Akhdar,Khaleej Sart,2,3,5,A,L,W,,,,,,,
libya-2009-2010,9,2009-12-10,15:30,200912101530,thursday,Al-Madina Tripoli,Al Ittihad Tripolis,0,0,0,D,D,D,0.0,0.0,0.0,D,D,D,
libya-2009-2010,9,2009-12-11,13:30,200912111330,friday,Al-Swihli,Al Shaat Tripolis,0,1,1,A,L,W,,,,,,,
libya-2009-2010,9,2009-12-11,13:30,200912111330,friday,Al-Tirsana,Al-Olympique,1,2,3,A,L,W,,,,,,,
libya-2009-2010,9,2009-12-12,13:00,200912121300,saturday,Al Nasr Benghazi,Al Ahly Tripolis,0,1,1,A,L,W,,,,,,,
libya-2009-2010,9,2009-12-13,13:00,200912131300,sunday,Al-Najma,Al Hilal,0,1,1,A,L,W,,,,,,,
libya-2009-2010,9,2009-12-15,13:00,200912151300,tuesday,Al Ahly Benghazi,Al Tahaddy SC,2,0,2,H,W,L,,,,,,,
libya-2009-2010,10,2009-12-17,14:00,200912171400,thursday,Al-Tirsana,Al Nasr Benghazi,2,1,3,H,W,L,,,,,,,
libya-2009-2010,10,2009-12-18,13:00,200912181300,friday,Al-Najma,Al Ittihad Tripolis,0,1,1,A,L,W,,,,,,,
libya-2009-2010,10,2009-12-18,13:30,200912181330,friday,Al-Olympique,Al-Akhdar,0,0,0,D,D,D,0.0,0.0,0.0,D,D,D,
libya-2009-2010,10,2009-12-18,15:00,200912181500,friday,Al Ahly Tripolis,Al Shaat Tripolis,3,0,3,H,W,L,,,,,,,
libya-2009-2010,10,2009-12-19,13:00,200912191300,saturday,Al Tahaddy SC,Al-Madina Tripoli,1,3,4,A,L,W,,,,,,,
libya-2009-2010,10,2009-12-19,13:00,200912191300,saturday,Khaleej Sart,Al Hilal,4,0,4,H,W,L,,,,,,,
libya-2009-2010,11,2009-12-24,13:00,200912241300,thursday,Al Tahaddy SC,Al Hilal,1,2,3,A,L,W,,,,,,,
libya-2009-2010,11,2009-12-24,14:00,200912241400,thursday,Al Shaat Tripolis,Al Ittihad Tripolis,1,2,3,A,L,W,,,,,,,
libya-2009-2010,11,2009-12-25,13:00,200912251300,friday,Khaleej Sart,Al-Olympique,3,2,5,H,W,L,,,,,,,
libya-2009-2010,11,2009-12-25,13:00,200912251300,friday,Al Nasr Benghazi,Al-Najma,0,0,0,D,D,D,0.0,0.0,0.0,D,D,D,
libya-2009-2010,10,2009-12-25,13:30,200912251330,friday,Al-Swihli,Al Ahly Benghazi,0,1,1,A,L,W,,,,,,,
libya-2009-2010,11,2009-12-25,15:30,200912251530,friday,Al-Madina Tripoli,Al Ahly Tripolis,1,1,2,D,D,D,,,,,,,
libya-2009-2010,11,2009-12-29,13:00,200912291300,tuesday,Al-Akhdar,Al-Swihli,1,1,2,D,D,D,,,,,,,
libya-2009-2010,11,2009-12-29,13:00,200912291300,tuesday,Al Ahly Benghazi,Al-Tirsana,5,0,5,H,W,L,,,,,,,
libya-2009-2010,12,2009-12-31,14:00,200912311400,thursday,Al Shaat Tripolis,Al-Najma,2,1,3,H,W,L,,,,,,,
libya-2009-2010,12,2009-12-31,14:00,200912311400,thursday,Al-Madina Tripoli,Khaleej Sart,1,1,2,D,D,D,,,,,,,
libya-2009-2010,12,2010-01-01,15:00,201001011500,friday,Al Ahly Tripolis,Al Tahaddy SC,3,0,3,H,W,L,,,,,,,
libya-2009-2010,12,2010-01-02,13:00,201001021300,saturday,Al Hilal,Al-Akhdar,1,2,3,A,L,W,,,,,,,
libya-2009-2010,12,2010-01-02,13:00,201001021300,saturday,Al-Olympique,Al Ahly Benghazi,1,3,4,A,L,W,,,,,,,
libya-2009-2010,12,2010-01-02,15:30,201001021530,saturday,Al-Swihli,Al Nasr Benghazi,1,0,1,H,W,L,,,,,,,
libya-2009-2010,12,2010-01-02,15:30,201001021530,saturday,Al-Tirsana,Al Ittihad Tripolis,0,1,1,A,L,W,,,,,,,
libya-2009-2010,13,2010-01-10,17:00,201001101700,sunday,Al Nasr Benghazi,Al-Olympique,1,1,2,D,D,D,,,,,,,
libya-2009-2010,13,2010-01-11,17:00,201001111700,monday,Al Tahaddy SC,Al Shaat Tripolis,0,1,1,A,L,W,,,,,,,
libya-2009-2010,13,2010-01-12,17:00,201001121700,tuesday,Al-Akhdar,Al-Madina Tripoli,2,2,4,D,D,D,,,,,,,
libya-2009-2010,13,2010-01-12,17:00,201001121700,tuesday,Al-Najma,Al-Tirsana,2,2,4,D,D,D,,,,,,,
libya-2009-2010,13,2010-01-13,12:00,201001131200,wednesday,Khaleej Sart,Al Ahly Tripolis,2,2,4,D,D,D,,,,,,,
libya-2009-2010,13,2010-01-13,17:00,201001131700,wednesday,Al Ittihad Tripolis,Al-Swihli,3,1,4,H,W,L,,,,,,,
libya-2009-2010,13,2010-01-13,17:00,201001131700,wednesday,Al Ahly Benghazi,Al Hilal,2,1,3,H,W,L,,,,,,,
libya-2009-2010,14,2010-01-28,13:00,201001281300,thursday,Al Tahaddy SC,Khaleej Sart,0,2,2,A,L,W,,,,,,,
libya-2009-2010,14,2010-01-28,15:30,201001281530,thursday,Al-Madina Tripoli,Al Ahly Benghazi,0,1,1,A,L,W,,,,,,,
libya-2009-2010,14,2010-01-29,13:30,201001291330,friday,Al-Tirsana,Al Shaat Tripolis,0,0,0,D,D,D,0.0,0.0,0.0,D,D,D,
libya-2009-2010,14,2010-01-29,15:00,201001291500,friday,Al Nasr Benghazi,Al Hilal,2,1,3,H,W,L,,,,,,,
libya-2009-2010,14,2010-01-30,15:00,201001301500,saturday,Al-Najma,Al-Swihli,3,0,3,H,W,L,,,,,,,
libya-2009-2010,14,2010-01-30,15:30,201001301530,saturday,Al Ittihad Tripolis,Al-Olympique,3,2,5,H,W,L,,,,,,,
libya-2009-2010,15,2010-02-03,13:30,201002031330,wednesday,Al-Olympique,Al Shaat Tripolis,1,1,2,D,D,D,,,,,,,
libya-2009-2010,15,2010-02-04,13:00,201002041300,thursday,Khaleej Sart,Al Nasr Benghazi,2,1,3,H,W,L,,,,,,,
libya-2009-2010,15,2010-02-04,13:30,201002041330,thursday,Al Tahaddy SC,Al Ittihad Tripolis,0,0,0,D,D,D,0.0,0.0,0.0,D,D,D,
libya-2009-2010,15,2010-02-05,15:00,201002051500,friday,Al-Madina Tripoli,Al-Tirsana,2,1,3,H,W,L,,,,,,,
libya-2009-2010,15,2010-02-05,15:00,201002051500,friday,Al Ahly Benghazi,Al-Akhdar,2,1,3,H,W,L,,,,,,,
libya-2009-2010,15,2010-02-06,13:30,201002061330,saturday,Al Hilal,Al-Swihli,2,2,4,D,D,D,,,,,,,
libya-2009-2010,16,2010-02-12,15:00,201002121500,friday,Al Nasr Benghazi,Al Shaat Tripolis,1,0,1,H,W,L,,,,,,,
libya-2009-2010,16,2010-02-12,15:00,201002121500,friday,Al-Swihli,Al Tahaddy SC,0,2,2,A,L,W,,,,,,,
libya-2009-2010,16,2010-02-13,13:00,201002131300,saturday,Al-Akhdar,Al-Najma,1,0,1,H,W,L,,,,,,,
libya-2009-2010,16,2010-02-17,14:00,201002171400,wednesday,Al-Tirsana,Khaleej Sart,0,1,1,A,L,W,,,,,,,
libya-2009-2010,16,2010-02-19,14:00,201002191400,friday,Al Hilal,Al-Madina Tripoli,2,2,4,D,D,D,,,,,,,
libya-2009-2010,16,2010-02-19,16:00,201002191600,friday,Al Ittihad Tripolis,Al Ahly Benghazi,3,1,4,H,W,L,,,,,,,
libya-2009-2010,17,2010-03-22,14:00,201003221400,monday,Al Shaat Tripolis,Al Hilal,1,3,4,A,L,W,,,,,,,
libya-2009-2010,17,2010-03-23,14:00,201003231400,tuesday,Al Nasr Benghazi,Al Ahly Benghazi,3,1,4,H,W,L,,,,,,,
libya-2009-2010,17,2010-03-23,14:00,201003231400,tuesday,Al-Olympique,Al-Madina Tripoli,1,1,2,D,D,D,,,,,,,
libya-2009-2010,17,2010-03-23,14:00,201003231400,tuesday,Khaleej Sart,Al-Najma,1,0,1,H,W,L,,,,,,,
libya-2009-2010,17,2010-03-23,16:00,201003231600,tuesday,Al-Tirsana,Al Tahaddy SC,2,0,2,H,W,L,,,,,,,
libya-2009-2010,17,2010-03-24,13:00,201003241300,wednesday,Al-Akhdar,Al Ittihad Tripolis,2,2,4,D,D,D,,,,,,,
libya-2009-2010,18,2010-03-27,16:00,201003271600,saturday,Al Ahly Benghazi,Al Shaat Tripolis,1,0,1,H,W,L,,,,,,,
libya-2009-2010,18,2010-03-28,15:00,201003281500,sunday,Al Nasr Benghazi,Al-Akhdar,2,0,2,H,W,L,,,,,,,
libya-2009-2010,18,2010-03-28,17:30,201003281730,sunday,Al Ittihad Tripolis,Khaleej Sart,2,1,3,H,W,L,,,,,,,
libya-2009-2010,18,2010-03-29,14:30,201003291430,monday,Al Hilal,Al-Olympique,2,2,4,D,D,D,,,,,,,
libya-2009-2010,18,2010-03-29,17:00,201003291700,monday,Al-Najma,Al Tahaddy SC,1,2,3,A,L,W,,,,,,,
libya-2009-2010,18,2010-03-29,,201003290000,monday,Al-Madina Tripoli,Al-Swihli,2,0,2,H,W,L,,,,,,,
libya-2009-2010,19,2010-04-07,14:00,201004071400,wednesday,Al-Swihli,Al-Tirsana,2,1,3,H,W,L,,,,,,,
libya-2009-2010,19,2010-04-07,14:00,201004071400,wednesday,Al Tahaddy SC,Al-Akhdar,1,1,2,D,D,D,,,,,,,
libya-2009-2010,19,2010-04-07,14:00,201004071400,wednesday,Al Shaat Tripolis,Khaleej Sart,0,4,4,A,L,W,,,,,,,
libya-2009-2010,19,2010-04-07,17:30,201004071730,wednesday,Al Ittihad Tripolis,Al Hilal,1,1,2,D,D,D,,,,,,,
libya-2009-2010,19,2010-04-08,15:00,201004081500,thursday,Al Nasr Benghazi,Al-Madina Tripoli,3,1,4,H,W,L,,,,,,,
libya-2009-2010,19,2010-04-08,17:30,201004081730,thursday,Al-Najma,Al-Olympique,4,3,7,H,W,L,,,,,,,
libya-2009-2010,20,2010-04-12,15:00,201004121500,monday,Al Hilal,Al-Tirsana,1,2,3,A,L,W,,,,,,,
libya-2009-2010,20,2010-04-12,15:00,201004121500,monday,Al-Akhdar,Al Shaat Tripolis,1,0,1,H,W,L,,,,,,,
libya-2009-2010,20,2010-04-12,15:00,201004121500,monday,Al-Olympique,Al-Swihli,2,1,3,H,W,L,,,,,,,
libya-2009-2010,20,2010-04-21,15:00,201004211500,wednesday,Khaleej Sart,Al Ahly Benghazi,1,1,2,D,D,D,,,,,,,
libya-2009-2010,20,2010-04-21,17:00,201004211700,wednesday,Al Nasr Benghazi,Al Tahaddy SC,3,3,6,D,D,D,,,,,,,
libya-2009-2010,20,2010-04-24,16:00,201004241600,saturday,Al-Madina Tripoli,Al-Najma,0,1,1,A,L,W,,,,,,,
libya-2009-2010,21,2010-04-26,16:00,201004261600,monday,Al Tahaddy SC,Al-Olympique,1,3,4,A,L,W,,,,,,,
libya-2009-2010,21,2010-04-26,17:00,201004261700,monday,Al-Tirsana,Al-Akhdar,0,0,0,D,D,D,0.0,0.0,0.0,D,D,D,
libya-2009-2010,21,2010-04-27,15:00,201004271500,tuesday,Al-Swihli,Khaleej Sart,1,3,4,A,L,W,,,,,,,
libya-2009-2010,21,2010-04-27,17:00,201004271700,tuesday,Al-Najma,Al Ahly Benghazi,2,5,7,A,L,W,,,,,,,
libya-2009-2010,21,2010-04-28,16:00,201004281600,wednesday,Al-Madina Tripoli,Al Shaat Tripolis,1,0,1,H,W,L,,,,,,,
libya-2009-2010,21,2010-04-28,17:00,201004281700,wednesday,Al Nasr Benghazi,Al Ittihad Tripolis,3,1,4,H,W,L,,,,,,,
libya-2009-2010,22,2010-05-02,19:00,201005021900,sunday,Al Shaat Tripolis,Al-Swihli,3,3,6,D,D,D,,,,,,,
libya-2009-2010,22,2010-05-02,19:00,201005021900,sunday,Al Hilal,Al-Najma,0,1,1,A,L,W,,,,,,,
libya-2009-2010,22,2010-05-02,19:00,201005021900,sunday,Al Ittihad Tripolis,Al-Madina Tripoli,3,3,6,D,D,D,,,,,,,
libya-2009-2010,22,2010-05-03,13:00,201005031300,monday,Al-Olympique,Al-Tirsana,3,1,4,H,W,L,,,,,,,
libya-2009-2010,22,2010-05-03,13:00,201005031300,monday,Khaleej Sart,Al-Akhdar,1,0,1,H,W,L,,,,,,,
libya-2009-2010,22,2010-05-03,19:00,201005031900,monday,Al Tahaddy SC,Al Ahly Benghazi,1,2,3,A,L,W,,,,,,,
libya-2009-2010,23,2010-05-16,17:30,201005161730,sunday,Al Ahly Benghazi,Al-Swihli,1,1,2,D,D,D,,,,,,,
libya-2009-2010,23,2010-05-17,15:30,201005171530,monday,Al-Akhdar,Al-Olympique,1,0,1,H,W,L,,,,,,,
libya-2009-2010,23,2010-05-17,17:00,201005171700,monday,Al-Madina Tripoli,Al Tahaddy SC,1,1,2,D,D,D,,,,,,,
libya-2009-2010,23,2010-05-17,17:30,201005171730,monday,Al Nasr Benghazi,Al-Tirsana,0,1,1,A,L,W,,,,,,,
libya-2009-2010,23,2010-05-18,15:30,201005181530,tuesday,Al Hilal,Khaleej Sart,1,0,1,H,W,L,,,,,,,
libya-2009-2010,23,2010-05-18,17:00,201005181700,tuesday,Al Ittihad Tripolis,Al-Najma,2,0,2,H,W,L,,,,,,,
libya-2009-2010,24,2010-05-21,,201005210000,friday,Al Hilal,Al Tahaddy SC,2,0,2,H,W,L,,,,,,,
libya-2009-2010,24,2010-05-22,16:00,201005221600,saturday,Al Ittihad Tripolis,Al Shaat Tripolis,0,1,1,A,L,W,,,,,,,
libya-2009-2010,24,2010-05-22,16:00,201005221600,saturday,Al-Olympique,Khaleej Sart,2,1,3,H,W,L,,,,,,,
libya-2009-2010,24,2010-05-22,16:00,201005221600,saturday,Al-Najma,Al Nasr Benghazi,1,0,1,H,W,L,,,,,,,
libya-2009-2010,24,2010-05-22,16:00,201005221600,saturday,Al-Swihli,Al-Akhdar,2,1,3,H,W,L,,,,,,,
libya-2009-2010,24,2010-05-22,16:00,201005221600,saturday,Al-Tirsana,Al Ahly Benghazi,2,1,3,H,W,L,,,,,,,
libya-2009-2010,25,2010-05-26,16:00,201005261600,wednesday,Al-Najma,Al Shaat Tripolis,0,1,1,A,L,W,,,,,,,
libya-2009-2010,25,2010-05-26,16:00,201005261600,wednesday,Khaleej Sart,Al-Madina Tripoli,2,2,4,D,D,D,,,,,,,
libya-2009-2010,25,2010-05-26,16:00,201005261600,wednesday,Al-Akhdar,Al Hilal,2,0,2,H,W,L,,,,,,,
libya-2009-2010,25,2010-05-26,16:00,201005261600,wednesday,Al Nasr Benghazi,Al-Swihli,1,2,3,A,L,W,,,,,,,
libya-2009-2010,25,2010-05-26,16:00,201005261600,wednesday,Al Ittihad Tripolis,Al-Tirsana,1,5,6,A,L,W,,,,,,,
libya-2009-2010,25,2010-05-27,16:00,201005271600,thursday,Al Ahly Benghazi,Al-Olympique,2,3,5,A,L,W,,,,,,,
libya-2009-2010,26,2010-06-01,16:00,201006011600,tuesday,Al-Olympique,Al Nasr Benghazi,2,1,3,H,W,L,,,,,,,
libya-2009-2010,26,2010-06-01,16:00,201006011600,tuesday,Al Shaat Tripolis,Al Tahaddy SC,4,0,4,H,W,L,,,,,,,
libya-2009-2010,26,2010-06-01,16:00,201006011600,tuesday,Al-Madina Tripoli,Al-Akhdar,2,0,2,H,W,L,,,,,,,
libya-2009-2010,26,2010-06-01,16:00,201006011600,tuesday,Al-Tirsana,Al-Najma,0,1,1,A,L,W,,,,,,,
libya-2009-2010,26,2010-06-01,16:00,201006011600,tuesday,Al-Swihli,Al Ittihad Tripolis,2,1,3,H,W,L,,,,,,,
libya-2009-2010,26,2010-06-01,16:00,201006011600,tuesday,Al Hilal,Al Ahly Benghazi,0,1,1,A,L,W,,,,,,,
libya-2010-2011,1,2010-08-09,16:00,201008091600,monday,Al Hilal,Al-Tirsana,1,0,1,H,W,L,,,,,,,
libya-2010-2011,1,2010-08-09,16:00,201008091600,monday,Al-Akhdar,Al-Madina Tripoli,2,3,5,A,L,W,,,,,,,
libya-2010-2011,1,2010-08-09,16:00,201008091600,monday,Al Ittihad Tripolis,Darnes SC,3,0,3,H,W,L,,,,,,,
libya-2010-2011,1,2010-08-10,16:00,201008101600,tuesday,Al Nasr Benghazi,Al-Olympique,2,2,4,D,D,D,,,,,,,
libya-2010-2011,1,2010-08-10,16:00,201008101600,tuesday,Khaleej Sart,Al-Swihli,1,0,1,H,W,L,,,,,,,
libya-2010-2011,1,2010-08-10,18:30,201008101830,tuesday,Al Shaat Tripolis,Al Ahly Benghazi,0,4,4,A,L,W,,,,,,,
libya-2010-2011,2,2010-08-17,22:00,201008172200,tuesday,Al Nasr Benghazi,Al Shaat Tripolis,1,0,1,H,W,L,,,,,,,
libya-2010-2011,2,2010-08-17,22:00,201008172200,tuesday,Al-Tirsana,Khaleej Sart,2,0,2,H,W,L,,,,,,,
libya-2010-2011,2,2010-08-18,22:00,201008182200,wednesday,Al-Madina Tripoli,Darnes SC,2,1,3,H,W,L,,,,,,,
libya-2010-2011,2,2010-08-18,22:00,201008182200,wednesday,Al-Olympique,Al-Akhdar,3,1,4,H,W,L,,,,,,,
libya-2010-2011,2,2010-08-18,22:00,201008182200,wednesday,Al Ahly Benghazi,Al Hilal,1,1,2,D,D,D,,,,,,,
libya-2010-2011,1,2010-10-14,15:00,201010141500,thursday,Al Tahaddy SC,Al Wahda Tripolis,1,2,3,A,L,W,,,,,,,
libya-2010-2011,2,2010-10-19,16:00,201010191600,tuesday,Al-Najma,Al-Swihli,1,1,2,D,D,D,,,,,,,
libya-2010-2011,2,2010-10-20,15:00,201010201500,wednesday,Al Tahaddy SC,Al Ahly Tripolis,0,2,2,A,L,W,,,,,,,
libya-2010-2011,2,2010-10-20,17:00,201010201700,wednesday,Al Wahda Tripolis,Al Ittihad Tripolis,2,3,5,A,L,W,,,,,,,
libya-2010-2011,3,2010-10-24,16:00,201010241600,sunday,Al-Akhdar,Al Shaat Tripolis,4,0,4,H,W,L,,,,,,,
libya-2010-2011,3,2010-10-24,16:00,201010241600,sunday,Al Hilal,Al-Olympique,0,0,0,D,D,D,0.0,0.0,0.0,D,D,D,
libya-2010-2011,3,2010-10-24,16:00,201010241600,sunday,Al-Tirsana,Al Tahaddy SC,4,0,4,H,W,L,,,,,,,
libya-2010-2011,3,2010-10-25,14:30,201010251430,monday,Darnes SC,Al Wahda Tripolis,1,1,2,D,D,D,,,,,,,
libya-2010-2011,3,2010-10-25,15:00,201010251500,monday,Al-Najma,Al Ahly Benghazi,0,1,1,A,L,W,,,,,,,
libya-2010-2011,3,2010-10-25,17:00,201010251700,monday,Al Ahly Tripolis,Al-Madina Tripoli,0,0,0,D,D,D,0.0,0.0,0.0,D,D,D,
libya-2010-2011,4,2010-10-30,14:30,201010301430,saturday,Al-Swihli,Al-Madina Tripoli,1,1,2,D,D,D,,,,,,,
libya-2010-2011,4,2010-10-30,14:30,201010301430,saturday,Khaleej Sart,Al-Olympique,2,2,4,D,D,D,,,,,,,
libya-2010-2011,4,2010-10-30,14:30,201010301430,saturday,Al Shaat Tripolis,Al Hilal,0,1,1,A,L,W,,,,,,,
libya-2010-2011,4,2010-10-30,17:00,201010301700,saturday,Al Ahly Benghazi,Al Tahaddy SC,2,1,3,H,W,L,,,,,,,
libya-2010-2011,4,2010-10-31,13:30,201010311330,sunday,Al Wahda Tripolis,Al-Akhdar,2,2,4,D,D,D,,,,,,,
libya-2010-2011,4,2010-10-31,13:30,201010311330,sunday,Darnes SC,Al Ahly Tripolis,2,4,6,A,L,W,,,,,,,
libya-2010-2011,5,2010-11-03,13:30,201011031330,wednesday,Al-Olympique,Al Ahly Benghazi,0,0,0,D,D,D,0.0,0.0,0.0,D,D,D,
libya-2010-2011,5,2010-11-03,13:30,201011031330,wednesday,Al-Tirsana,Al Shaat Tripolis,2,0,2,H,W,L,,,,,,,
libya-2010-2011,5,2010-11-04,14:00,201011041400,thursday,Al Tahaddy SC,Darnes SC,0,0,0,D,D,D,0.0,0.0,0.0,D,D,D,
libya-2010-2011,5,2010-11-05,14:00,201011051400,friday,Al Hilal,Al-Swihli,1,1,2,D,D,D,,,,,,,
libya-2010-2011,5,2010-11-05,16:30,201011051630,friday,Al Ahly Tripolis,Khaleej Sart,3,1,4,H,W,L,,,,,,,
libya-2010-2011,5,2010-11-06,14:00,201011061400,saturday,Al-Najma,Al Wahda Tripolis,0,1,1,A,L,W,,,,,,,
libya-2010-2011,6,2010-11-08,13:30,201011081330,monday,Al-Tirsana,Al-Olympique,2,1,3,H,W,L,,,,,,,
libya-2010-2011,6,2010-11-08,14:00,201011081400,monday,Al-Madina Tripoli,Al Tahaddy SC,0,1,1,A,L,W,,,,,,,
libya-2010-2011,6,2010-11-08,14:00,201011081400,monday,Al Ahly Benghazi,Al Nasr Benghazi,0,0,0,D,D,D,0.0,0.0,0.0,D,D,D,
libya-2010-2011,6,2010-11-09,14:00,201011091400,tuesday,Al Hilal,Al Ahly Tripolis,1,1,2,D,D,D,,,,,,,
libya-2010-2011,6,2010-11-09,14:00,201011091400,tuesday,Al Shaat Tripolis,Al-Swihli,1,1,2,D,D,D,,,,,,,
libya-2010-2011,6,2010-11-10,13:00,201011101300,wednesday,Darnes SC,Al-Najma,2,1,3,H,W,L,,,,,,,
libya-2010-2011,6,2010-11-10,13:30,201011101330,wednesday,Al Wahda Tripolis,Khaleej Sart,4,3,7,H,W,L,,,,,,,
libya-2010-2011,7,2010-11-20,13:00,201011201300,saturday,Al-Akhdar,Al-Tirsana,2,0,2,H,W,L,,,,,,,
libya-2010-2011,7,2010-11-20,13:30,201011201330,saturday,Al-Olympique,Al Wahda Tripolis,0,0,0,D,D,D,0.0,0.0,0.0,D,D,D,
libya-2010-2011,7,2010-11-20,13:30,201011201330,saturday,Al Shaat Tripolis,Darnes SC,0,0,0,D,D,D,0.0,0.0,0.0,D,D,D,
libya-2010-2011,7,2010-11-20,16:30,201011201630,saturday,Al Tahaddy SC,Al-Najma,1,1,2,D,D,D,,,,,,,
libya-2010-2011,7,2010-11-21,14:00,201011211400,sunday,Al-Swihli,Al Ahly Benghazi,1,2,3,A,L,W,,,,,,,
libya-2010-2011,7,2010-11-21,14:00,201011211400,sunday,Al Nasr Benghazi,Al Ahly Tripolis,2,1,3,H,W,L,,,,,,,
libya-2010-2011,7,2010-11-21,16:30,201011211630,sunday,Al-Madina Tripoli,Al Hilal,4,0,4,H,W,L,,,,,,,
libya-2010-2011,3,2010-11-26,13:30,201011261330,friday,Khaleej Sart,Al Nasr Benghazi,4,1,5,H,W,L,,,,,,,
libya-2010-2011,3,2010-11-27,16:00,201011271600,saturday,Al-Swihli,Al Ittihad Tripolis,0,1,1,A,L,W,,,,,,,
libya-2010-2011,4,2010-12-02,16:00,201012021600,thursday,Al Nasr Benghazi,Al-Najma,2,0,2,H,W,L,,,,,,,
libya-2010-2011,4,2010-12-02,18:00,201012021800,thursday,Al Ittihad Tripolis,Al-Tirsana,1,1,2,D,D,D,,,,,,,
libya-2010-2011,8,2010-12-04,13:30,201012041330,saturday,Al-Olympique,Al Tahaddy SC,2,0,2,H,W,L,,,,,,,
libya-2010-2011,8,2010-12-04,16:00,201012041600,saturday,Al Ahly Benghazi,Al-Madina Tripoli,2,1,3,H,W,L,,,,,,,
libya-2010-2011,8,2010-12-05,13:30,201012051330,sunday,Al Wahda Tripolis,Al-Swihli,2,2,4,D,D,D,,,,,,,
libya-2010-2011,8,2010-12-05,15:30,201012051530,sunday,Al Ahly Tripolis,Al-Akhdar,1,0,1,H,W,L,,,,,,,
libya-2010-2011,8,2010-12-05,17:30,201012051730,sunday,Al Hilal,Khaleej Sart,2,4,6,A,L,W,,,,,,,
libya-2010-2011,8,2010-12-06,13:00,201012061300,monday,Darnes SC,Al-Tirsana,0,0,0,D,D,D,0.0,0.0,0.0,D,D,D,
libya-2010-2011,8,2010-12-06,16:00,201012061600,monday,Al-Najma,Al Shaat Tripolis,1,3,4,A,L,W,,,,,,,
libya-2010-2011,5,2010-12-09,16:30,201012091630,thursday,Al-Madina Tripoli,Al Ittihad Tripolis,0,1,1,A,L,W,,,,,,,
libya-2010-2011,9,2010-12-12,15:30,201012121530,sunday,Al Wahda Tripolis,Al Ahly Tripolis,1,2,3,A,L,W,,,,,,,
libya-2010-2011,9,2010-12-12,17:30,201012121730,sunday,Al Hilal,Al-Akhdar,1,1,2,D,D,D,,,,,,,
libya-2010-2011,9,2010-12-13,15:30,201012131530,monday,Al-Swihli,Darnes SC,0,0,0,D,D,D,0.0,0.0,0.0,D,D,D,
libya-2010-2011,9,2010-12-13,17:30,201012131730,monday,Al-Najma,Al-Olympique,1,0,1,H,W,L,,,,,,,
libya-2010-2011,9,2010-12-14,15:30,201012141530,tuesday,Al Ahly Benghazi,Al Ittihad Tripolis,1,1,2,D,D,D,,,,,,,
libya-2010-2011,9,2010-12-14,17:30,201012141730,tuesday,Al-Tirsana,Al-Madina Tripoli,0,0,0,D,D,D,0.0,0.0,0.0,D,D,D,
libya-2010-2011,9,2010-12-15,13:30,201012151330,wednesday,Khaleej Sart,Al Shaat Tripolis,3,1,4,H,W,L,,,,,,,
libya-2010-2011,9,2010-12-15,16:00,201012151600,wednesday,Al Tahaddy SC,Al Nasr Benghazi,1,0,1,H,W,L,,,,,,,
libya-2010-2011,1,2010-12-20,16:30,201012201630,monday,Al Ahly Tripolis,Al-Najma,2,0,2,H,W,L,,,,,,,
libya-2010-2011,6,2010-12-21,16:30,201012211630,tuesday,Al Ittihad Tripolis,Al-Akhdar,2,0,2,H,W,L,,,,,,,
libya-2010-2011,10,2010-12-23,13:30,201012231330,thursday,Al-Tirsana,Al-Swihli,2,1,3,H,W,L,,,,,,,
libya-2010-2011,10,2010-12-24,13:30,201012241330,friday,Al-Olympique,Darnes SC,1,1,2,D,D,D,,,,,,,
libya-2010-2011,10,2010-12-24,16:30,201012241630,friday,Al Shaat Tripolis,Al-Madina Tripoli,1,0,1,H,W,L,,,,,,,
libya-2010-2011,10,2010-12-25,13:30,201012251330,saturday,Khaleej Sart,Al Tahaddy SC,1,0,1,H,W,L,,,,,,,
libya-2010-2011,10,2010-12-25,16:30,201012251630,saturday,Al Ahly Tripolis,Al Ahly Benghazi,1,0,1,H,W,L,,,,,,,
libya-2010-2011,10,2010-12-26,13:00,201012261300,sunday,Al-Akhdar,Al-Najma,4,1,5,H,W,L,,,,,,,
libya-2010-2011,10,2010-12-26,16:40,201012261640,sunday,Al Ittihad Tripolis,Al Hilal,1,0,1,H,W,L,,,,,,,
libya-2010-2011,10,2010-12-27,14:00,201012271400,monday,Al Nasr Benghazi,Al Wahda Tripolis,2,0,2,H,W,L,,,,,,,
libya-2010-2011,11,2010-12-31,13:00,201012311300,friday,Darnes SC,Al-Akhdar,2,1,3,H,W,L,,,,,,,
libya-2010-2011,11,2010-12-31,15:00,201012311500,friday,Al Ahly Benghazi,Khaleej Sart,1,0,1,H,W,L,,,,,,,
libya-2010-2011,11,2011-01-01,13:30,201101011330,saturday,Al-Olympique,Al Shaat Tripolis,2,2,4,D,D,D,,,,,,,
libya-2010-2011,11,2011-01-01,16:00,201101011600,saturday,Al Hilal,Al Nasr Benghazi,0,3,3,A,L,W,,,,,,,
libya-2010-2011,11,2011-01-02,14:00,201101021400,sunday,Al-Najma,Al-Tirsana,1,1,2,D,D,D,,,,,,,
libya-2010-2011,11,2011-01-02,16:30,201101021630,sunday,Al-Madina Tripoli,Al Wahda Tripolis,2,1,3,H,W,L,,,,,,,
libya-2010-2011,11,2011-01-03,13:30,201101031330,monday,Al Ittihad Tripolis,Al Ahly Tripolis,1,0,1,H,W,L,,,,,,,
libya-2010-2011,11,2011-01-03,16:30,201101031630,monday,Al Tahaddy SC,Al-Swihli,1,1,2,D,D,D,,,,,,,
libya-2010-2011,12,2011-01-06,13:30,201101061330,thursday,Al Wahda Tripolis,Al Ahly Benghazi,0,1,1,A,L,W,,,,,,,
libya-2010-2011,12,2011-01-06,16:30,201101061630,thursday,Al-Madina Tripoli,Al-Olympique,4,0,4,H,W,L,,,,,,,
libya-2010-2011,12,2011-01-07,13:00,201101071300,friday,Darnes SC,Al Nasr Benghazi,2,0,2,H,W,L,,,,,,,
libya-2010-2011,12,2011-01-07,16:00,201101071600,friday,Al Hilal,Al Tahaddy SC,1,0,1,H,W,L,,,,,,,
libya-2010-2011,12,2011-01-08,14:00,201101081400,saturday,Al-Swihli,Al-Akhdar,1,2,3,A,L,W,,,,,,,
libya-2010-2011,12,2011-01-08,16:30,201101081630,saturday,Al Shaat Tripolis,Al Ittihad Tripolis,0,4,4,A,L,W,,,,,,,
libya-2010-2011,12,2011-01-09,13:30,201101091330,sunday,Khaleej Sart,Al-Najma,2,1,3,H,W,L,,,,,,,
libya-2010-2011,12,2011-01-09,16:30,201101091630,sunday,Al Ahly Tripolis,Al-Tirsana,2,0,2,H,W,L,,,,,,,
libya-2010-2011,5,2011-01-12,13:00,201101121300,wednesday,Al-Akhdar,Al Nasr Benghazi,2,1,3,H,W,L,,,,,,,
libya-2010-2011,7,2011-01-13,13:30,201101131330,thursday,Khaleej Sart,Al Ittihad Tripolis,0,6,6,A,L,W,,,,,,,
libya-2010-2011,13,2011-01-16,16:00,201101161600,sunday,Al-Najma,Al Hilal,0,0,0,D,D,D,0.0,0.0,0.0,D,D,D,
libya-2010-2011,13,2011-01-17,12:00,201101171200,monday,Al-Akhdar,Khaleej Sart,4,1,5,H,W,L,,,,,,,
libya-2010-2011,13,2011-01-17,16:00,201101171600,monday,Al Nasr Benghazi,Al-Madina Tripoli,1,2,3,A,L,W,,,,,,,
libya-2010-2011,13,2011-01-18,13:30,201101181330,tuesday,Al-Tirsana,Al Wahda Tripolis,0,1,1,A,L,W,,,,,,,
libya-2010-2011,13,2011-01-18,13:30,201101181330,tuesday,Al-Olympique,Al Ittihad Tripolis,0,1,1,A,L,W,,,,,,,
libya-2010-2011,13,2011-01-18,16:30,201101181630,tuesday,Al Ahly Benghazi,Darnes SC,2,0,2,H,W,L,,,,,,,
libya-2010-2011,13,2011-01-19,13:30,201101191330,wednesday,Al Shaat Tripolis,Al Tahaddy SC,2,3,5,A,L,W,,,,,,,
libya-2010-2011,13,2011-01-19,16:30,201101191630,wednesday,Al-Swihli,Al Ahly Tripolis,0,0,0,D,D,D,0.0,0.0,0.0,D,D,D,
libya-2010-2011,8,2011-01-23,16:50,201101231650,sunday,Al Ittihad Tripolis,Al Nasr Benghazi,2,1,3,H,W,L,,,,,,,
libya-2010-2011,14,2011-01-25,14:00,201101251400,tuesday,Al Tahaddy SC,Al-Akhdar,0,0,0,D,D,D,0.0,0.0,0.0,D,D,D,
libya-2010-2011,14,2011-01-25,16:45,201101251645,tuesday,Al-Madina Tripoli,Khaleej Sart,1,1,2,D,D,D,,,,,,,
libya-2010-2011,14,2011-01-26,13:00,201101261300,wednesday,Darnes SC,Al Hilal,1,0,1,H,W,L,,,,,,,
libya-2010-2011,14,2011-01-26,16:45,201101261645,wednesday,Al Ahly Tripolis,Al-Olympique,3,3,6,D,D,D,,,,,,,
libya-2010-2011,14,2011-01-27,13:30,201101271330,thursday,Al Wahda Tripolis,Al Shaat Tripolis,0,2,2,A,L,W,,,,,,,
libya-2010-2011,14,2011-01-27,16:45,201101271645,thursday,Al Ahly Benghazi,Al-Tirsana,2,1,3,H,W,L,,,,,,,
libya-2010-2011,14,2011-01-28,16:45,201101281645,friday,Al Ittihad Tripolis,Al-Najma,3,0,3,H,W,L,,,,,,,
libya-2010-2011,15,2011-02-01,13:30,201102011330,tuesday,Khaleej Sart,Darnes SC,1,3,4,A,L,W,,,,,,,
libya-2010-2011,15,2011-02-01,16:30,201102011630,tuesday,Al Shaat Tripolis,Al Ahly Tripolis,0,1,1,A,L,W,,,,,,,
libya-2010-2011,15,2011-02-02,13:00,201102021300,wednesday,Al-Akhdar,Al Ahly Benghazi,2,0,2,H,W,L,,,,,,,
libya-2010-2011,15,2011-02-02,13:30,201102021330,wednesday,Al Wahda Tripolis,Al Hilal,0,0,0,D,D,D,0.0,0.0,0.0,D,D,D,
libya-2010-2011,15,2011-02-02,16:45,201102021645,wednesday,Al-Najma,Al-Madina Tripoli,2,1,3,H,W,L,,,,,,,
libya-2010-2011,15,2011-02-03,14:00,201102031400,thursday,Al-Swihli,Al-Olympique,0,0,0,D,D,D,0.0,0.0,0.0,D,D,D,
libya-2010-2011,15,2011-02-03,16:45,201102031645,thursday,Al Tahaddy SC,Al Ittihad Tripolis,2,2,4,D,D,D,,,,,,,
libya-2010-2011,15,2011-02-04,13:30,201102041330,friday,Al-Tirsana,Al Nasr Benghazi,1,0,1,H,W,L,,,,,,,
