Div,Round,Date,Time,Weekday,HomeTeam,AwayTeam,FTHG,FTAG,FTG,FTR,FTHR,FTAW,HTHG,HTAG,HTG,HTR,HTHR,HTAR,Report_url
bahrain-2010-2011,1,2010-10-14,17:00,thursday,Al Ahli,Al Hidd,2,1,3,H,W,L,,,,,,,
bahrain-2010-2011,1,2010-10-16,14:40,saturday,Manama Club,Al Najma,3,0,3,H,W,L,,,,,,,
bahrain-2010-2011,2,2010-10-19,18:05,tuesday,Al Hala,Al Muharraq,1,1,2,D,D,D,,,,,,,
bahrain-2010-2011,2,2010-10-20,18:00,wednesday,Busaiteen,Al Najma,1,1,2,D,D,D,,,,,,,
bahrain-2010-2011,2,2010-10-21,16:05,thursday,Manama Club,Al Hidd,2,2,4,D,D,D,,,,,,,
bahrain-2010-2011,3,2010-10-24,16:00,sunday,Al Ahli,Al Hala,1,1,2,D,D,D,,,,,,,
bahrain-2010-2011,3,2010-10-25,16:00,monday,Riffa SC,Manama Club,2,3,5,A,L,W,,,,,,,
bahrain-2010-2011,3,2010-10-26,16:00,tuesday,Al Hidd,Busaiteen,3,3,6,D,D,D,,,,,,,
bahrain-2010-2011,4,2010-10-29,17:35,friday,Manama Club,Al Muharraq,1,1,2,D,D,D,,,,,,,
bahrain-2010-2011,1,2011-01-28,15:10,friday,Riffa SC,Al Hala,2,0,2,H,W,L,,,,,,,
bahrain-2010-2011,4,2011-01-28,17:25,friday,Al Najma,Al Hidd,1,1,2,D,D,D,,,,,,,
bahrain-2010-2011,5,2011-02-02,15:00,wednesday,Al Najma,Al Hala,1,1,2,D,D,D,,,,,,,
bahrain-2010-2011,5,2011-02-02,17:10,wednesday,Riffa SC,Al Hidd,2,1,3,H,W,L,,,,,,,
bahrain-2010-2011,5,2011-02-03,15:00,thursday,Al Ahli,Manama Club,3,0,3,H,W,L,,,,,,,
bahrain-2010-2011,5,2011-02-03,17:05,thursday,Al Muharraq,Busaiteen,2,0,2,H,W,L,,,,,,,
bahrain-2010-2011,6,2011-02-11,13:55,friday,Al Muharraq,Al Najma,2,1,3,H,W,L,,,,,,,
bahrain-2010-2011,6,2011-02-11,16:00,friday,Al Ahli,Busaiteen,1,2,3,A,L,W,,,,,,,
bahrain-2010-2011,6,2011-02-13,17:00,sunday,Al Hala,Al Hidd,1,1,2,D,D,D,,,,,,,
bahrain-2010-2011,4,2011-02-16,15:05,wednesday,Busaiteen,Riffa SC,2,2,4,D,D,D,,,,,,,
bahrain-2010-2011,7,2011-02-16,17:10,wednesday,Al Najma,Al Ahli,2,2,4,D,D,D,,,,,,,
bahrain-2010-2011,7,2011-02-17,15:00,thursday,Al Hala,Manama Club,0,3,3,A,L,W,,,,,,,
bahrain-2010-2011,7,2011-02-20,15:00,sunday,Riffa SC,Al Muharraq,0,1,1,A,L,W,,,,,,,
bahrain-2010-2011,9,2011-04-08,14:10,friday,Busaiteen,Manama Club,1,1,2,D,D,D,,,,,,,
bahrain-2010-2011,8,2011-04-09,15:10,saturday,Al Hidd,Al Muharraq,3,1,4,H,W,L,,,,,,,
bahrain-2010-2011,8,2011-04-10,16:35,sunday,Al Ahli,Riffa SC,0,1,1,A,L,W,,,,,,,
bahrain-2010-2011,8,2011-04-13,16:30,wednesday,Busaiteen,Al Hala,4,1,5,H,W,L,,,,,,,
bahrain-2010-2011,9,2011-04-14,18:30,thursday,Al Muharraq,Al Ahli,3,4,7,A,L,W,,,,,,,
bahrain-2010-2011,9,2011-04-14,,thursday,Riffa SC,Al Najma,3,0,3,H,W,L,,,,,,,
bahrain-2010-2011,10,2011-04-19,16:30,tuesday,Al Najma,Manama Club,1,2,3,A,L,W,,,,,,,
bahrain-2010-2011,10,2011-04-20,16:30,wednesday,Al Hidd,Al Ahli,2,1,3,H,W,L,,,,,,,
bahrain-2010-2011,14,2011-04-21,16:30,thursday,Busaiteen,Al Muharraq,0,0,0,D,D,D,0,0,0,D,D,D,
bahrain-2010-2011,10,2011-04-22,16:30,friday,Al Hala,Riffa SC,1,3,4,A,L,W,,,,,,,
bahrain-2010-2011,11,2011-04-24,16:30,sunday,Al Hidd,Manama Club,3,2,5,H,W,L,,,,,,,
bahrain-2010-2011,15,2011-04-26,16:30,tuesday,Busaiteen,Al Ahli,2,3,5,A,L,W,,,,,,,
bahrain-2010-2011,11,2011-04-26,18:35,tuesday,Al Muharraq,Al Hala,3,1,4,H,W,L,,,,,,,
bahrain-2010-2011,18,2011-04-27,16:30,wednesday,Al Najma,Riffa SC,2,2,4,D,D,D,,,,,,,
bahrain-2010-2011,12,2011-04-30,16:30,saturday,Al Hala,Al Ahli,1,4,5,A,L,W,,,,,,,
bahrain-2010-2011,18,2011-05-01,16:30,sunday,Manama Club,Busaiteen,1,0,1,H,W,L,,,,,,,
bahrain-2010-2011,14,2011-05-02,16:30,monday,Al Hidd,Riffa SC,1,5,6,A,L,W,,,,,,,
bahrain-2010-2011,15,2011-05-03,16:40,tuesday,Al Najma,Al Muharraq,0,2,2,A,L,W,,,,,,,
bahrain-2010-2011,15,2011-05-06,15:30,friday,Al Hidd,Al Hala,2,2,4,D,D,D,,,,,,,
bahrain-2010-2011,13,2011-05-06,17:30,friday,Riffa SC,Busaiteen,1,1,2,D,D,D,,,,,,,
bahrain-2010-2011,13,2011-05-07,15:40,saturday,Al Muharraq,Manama Club,2,1,3,H,W,L,,,,,,,
bahrain-2010-2011,16,2011-05-07,17:45,saturday,Al Ahli,Al Najma,3,1,4,H,W,L,,,,,,,
bahrain-2010-2011,14,2011-05-13,16:30,friday,Manama Club,Al Ahli,0,2,2,A,L,W,,,,,,,
bahrain-2010-2011,17,2011-05-13,17:40,friday,Al Hala,Busaiteen,2,2,4,D,D,D,,,,,,,
bahrain-2010-2011,13,2011-05-14,16:30,saturday,Al Najma,Al Hidd,1,2,3,A,L,W,,,,,,,
bahrain-2010-2011,16,2011-05-14,16:30,saturday,Al Muharraq,Riffa SC,1,1,2,D,D,D,,,,,,,
bahrain-2010-2011,16,2011-05-18,16:45,wednesday,Manama Club,Al Hala,1,1,2,D,D,D,,,,,,,
bahrain-2010-2011,11,2011-05-19,16:45,thursday,Al Najma,Busaiteen,4,0,4,H,W,L,,,,,,,
bahrain-2010-2011,17,2011-05-20,15:35,friday,Al Muharraq,Al Hidd,5,0,5,H,W,L,,,,,,,
bahrain-2010-2011,17,2011-05-20,18:35,friday,Riffa SC,Al Ahli,3,3,6,D,D,D,,,,,,,
bahrain-2010-2011,14,2011-05-24,,tuesday,Al Hala,Al Najma,1,0,1,H,W,L,,,,,,,
bahrain-2010-2011,12,2011-05-27,17:00,friday,Busaiteen,Al Hidd,0,2,2,A,L,W,,,,,,,
bahrain-2010-2011,12,2011-05-29,17:00,sunday,Manama Club,Riffa SC,2,4,6,A,L,W,,,,,,,
bahrain-2010-2011,18,2011-05-29,17:00,sunday,Al Ahli,Al Muharraq,1,2,3,A,L,W,,,,,,,
bahrain-2011-2012,1,2011-12-01,15:00,thursday,Manama Club,Al Hidd,1,1,2,D,D,D,1,1,2,D,D,D,
bahrain-2011-2012,1,2011-12-01,17:00,thursday,Al Ahli,Al Hala,1,0,1,H,W,L,1,0,1,H,W,L,
bahrain-2011-2012,1,2011-12-02,15:00,friday,Riffa SC,Al Muharraq,2,0,2,H,W,L,1,0,1,H,W,L,
bahrain-2011-2012,1,2011-12-02,17:00,friday,Busaiteen,East Riffa Club,2,2,4,D,D,D,1,1,2,D,D,D,
bahrain-2011-2012,1,2011-12-03,15:00,saturday,Al Najma,Al Bahrain SC,1,0,1,H,W,L,1,0,1,H,W,L,
bahrain-2011-2012,2,2011-12-25,14:30,sunday,Al Ahli,Al Hidd,1,0,1,H,W,L,0,0,0,D,D,D,
bahrain-2011-2012,2,2011-12-25,15:00,sunday,East Riffa Club,Al Hala,2,1,3,H,W,L,1,1,2,D,D,D,
bahrain-2011-2012,2,2011-12-25,16:35,sunday,Al Bahrain SC,Busaiteen,1,2,3,A,L,W,0,0,0,D,D,D,
bahrain-2011-2012,2,2011-12-26,14:30,monday,Al Muharraq,Al Najma,3,1,4,H,W,L,1,0,1,H,W,L,
bahrain-2011-2012,2,2011-12-26,16:40,monday,Riffa SC,Manama Club,2,0,2,H,W,L,0,0,0,D,D,D,
bahrain-2011-2012,3,2011-12-29,14:30,thursday,Al Hidd,East Riffa Club,4,2,6,H,W,L,4,0,4,H,W,L,
bahrain-2011-2012,3,2011-12-29,16:30,thursday,Al Hala,Al Bahrain SC,2,0,2,H,W,L,1,0,1,H,W,L,
bahrain-2011-2012,3,2011-12-31,14:30,saturday,Busaiteen,Riffa SC,0,2,2,A,L,W,0,0,0,D,D,D,
bahrain-2011-2012,3,2011-12-31,15:00,saturday,Al Najma,Manama Club,2,3,5,A,L,W,0,1,1,A,L,W,
bahrain-2011-2012,3,2011-12-31,16:30,saturday,Al Ahli,Al Muharraq,1,1,2,D,D,D,1,0,1,H,W,L,
bahrain-2011-2012,4,2012-01-03,15:00,tuesday,Al Bahrain SC,Al Hidd,2,2,4,D,D,D,2,1,3,H,W,L,
bahrain-2011-2012,4,2012-01-04,14:30,wednesday,East Riffa Club,Al Ahli,3,0,3,H,W,L,0,0,0,D,D,D,
bahrain-2011-2012,4,2012-01-04,16:30,wednesday,Al Hala,Riffa SC,1,2,3,A,L,W,0,1,1,A,L,W,
bahrain-2011-2012,4,2012-01-05,14:30,thursday,Busaiteen,Al Najma,1,0,1,H,W,L,0,0,0,D,D,D,
bahrain-2011-2012,4,2012-01-05,16:30,thursday,Al Muharraq,Manama Club,2,1,3,H,W,L,1,0,1,H,W,L,
bahrain-2011-2012,5,2012-01-08,14:45,sunday,Al Bahrain SC,Al Ahli,0,1,1,A,L,W,0,0,0,D,D,D,
bahrain-2011-2012,5,2012-01-08,16:45,sunday,Riffa SC,Al Hidd,1,0,1,H,W,L,1,0,1,H,W,L,
bahrain-2011-2012,5,2012-01-09,14:45,monday,Manama Club,Busaiteen,1,2,3,A,L,W,0,1,1,A,L,W,
bahrain-2011-2012,5,2012-01-09,15:00,monday,Al Hala,Al Najma,2,1,3,H,W,L,1,0,1,H,W,L,
bahrain-2011-2012,5,2012-01-09,16:45,monday,Al Muharraq,East Riffa Club,3,0,3,H,W,L,1,0,1,H,W,L,
bahrain-2011-2012,6,2012-01-13,14:45,friday,Al Hidd,Al Najma,1,0,1,H,W,L,1,0,1,H,W,L,
bahrain-2011-2012,6,2012-01-13,14:45,friday,Busaiteen,Al Ahli,5,1,6,H,W,L,2,0,2,H,W,L,
bahrain-2011-2012,6,2012-01-13,16:45,friday,Al Hala,Al Muharraq,0,2,2,A,L,W,0,1,1,A,L,W,
bahrain-2011-2012,6,2012-01-14,14:45,saturday,Riffa SC,Al Bahrain SC,1,0,1,H,W,L,1,0,1,H,W,L,
bahrain-2011-2012,6,2012-01-14,14:45,saturday,East Riffa Club,Manama Club,1,2,3,A,L,W,0,1,1,A,L,W,
bahrain-2011-2012,7,2012-01-21,14:45,saturday,Al Najma,Al Ahli,3,2,5,H,W,L,2,1,3,H,W,L,
bahrain-2011-2012,7,2012-01-21,14:45,saturday,Al Bahrain SC,Manama Club,2,2,4,D,D,D,1,1,2,D,D,D,
bahrain-2011-2012,7,2012-01-22,14:45,sunday,Al Hala,Busaiteen,1,2,3,A,L,W,0,0,0,D,D,D,
bahrain-2011-2012,7,2012-01-22,14:45,sunday,Riffa SC,East Riffa Club,1,0,1,H,W,L,1,0,1,H,W,L,
bahrain-2011-2012,7,2012-01-22,16:45,sunday,Al Hidd,Al Muharraq,0,1,1,A,L,W,0,0,0,D,D,D,
bahrain-2011-2012,8,2012-01-26,15:00,thursday,Al Hidd,Busaiteen,1,1,2,D,D,D,1,1,2,D,D,D,
bahrain-2011-2012,8,2012-01-26,15:00,thursday,Al Muharraq,Al Bahrain SC,3,0,3,H,W,L,1,0,1,H,W,L,
bahrain-2011-2012,8,2012-01-26,15:00,thursday,Al Ahli,Riffa SC,0,1,1,A,L,W,0,0,0,D,D,D,
bahrain-2011-2012,8,2012-01-27,15:00,friday,Al Najma,East Riffa Club,1,0,1,H,W,L,0,0,0,D,D,D,
bahrain-2011-2012,8,2012-01-27,17:00,friday,Manama Club,Al Hala,1,3,4,A,L,W,1,2,3,A,L,W,
bahrain-2011-2012,9,2012-02-08,15:00,wednesday,Al Hidd,Al Hala,1,1,2,D,D,D,0,0,0,D,D,D,
bahrain-2011-2012,9,2012-02-08,15:00,wednesday,Manama Club,Al Ahli,1,0,1,H,W,L,0,0,0,D,D,D,
bahrain-2011-2012,9,2012-02-08,17:00,wednesday,East Riffa Club,Al Bahrain SC,1,3,4,A,L,W,0,2,2,A,L,W,
bahrain-2011-2012,9,2012-02-09,15:00,thursday,Busaiteen,Al Muharraq,0,2,2,A,L,W,0,0,0,D,D,D,
bahrain-2011-2012,9,2012-02-09,15:00,thursday,Al Najma,Riffa SC,1,2,3,A,L,W,0,0,0,D,D,D,
bahrain-2011-2012,10,2012-02-12,14:00,sunday,Manama Club,Al Hidd,0,1,1,A,L,W,,,,,,,
bahrain-2011-2012,10,2012-02-12,16:00,sunday,Al Ahli,Al Hala,1,3,4,A,L,W,,,,,,,
bahrain-2011-2012,10,2012-02-13,14:00,monday,Busaiteen,East Riffa Club,0,0,0,D,D,D,0,0,0,D,D,D,
bahrain-2011-2012,10,2012-02-13,14:00,monday,Riffa SC,Al Muharraq,2,1,3,H,W,L,0,0,0,D,D,D,
bahrain-2011-2012,10,2012-02-13,16:00,monday,Al Najma,Al Bahrain SC,0,2,2,A,L,W,0,0,0,D,D,D,
bahrain-2011-2012,11,2012-03-19,14:15,monday,Al Hala,East Riffa Club,1,2,3,A,L,W,1,1,2,D,D,D,
bahrain-2011-2012,11,2012-03-19,16:15,monday,Al Hidd,Al Ahli,0,0,0,D,D,D,0,0,0,D,D,D,
bahrain-2011-2012,11,2012-03-27,15:15,tuesday,Busaiteen,Al Bahrain SC,4,2,6,H,W,L,3,0,3,H,W,L,
bahrain-2011-2012,11,2012-03-27,16:30,tuesday,Manama Club,Riffa SC,1,0,1,H,W,L,0,0,0,D,D,D,
bahrain-2011-2012,11,2012-03-27,17:15,tuesday,Al Najma,Al Muharraq,0,1,1,A,L,W,0,0,0,D,D,D,
bahrain-2011-2012,12,2012-04-12,15:30,thursday,Al Muharraq,Al Ahli,2,0,2,H,W,L,0,0,0,D,D,D,
bahrain-2011-2012,12,2012-04-12,17:30,thursday,Riffa SC,Busaiteen,1,1,2,D,D,D,0,1,1,A,L,W,
bahrain-2011-2012,12,2012-04-13,15:30,friday,Manama Club,Al Najma,0,1,1,A,L,W,0,0,0,D,D,D,
bahrain-2011-2012,12,2012-04-13,16:30,friday,East Riffa Club,Al Hidd,2,3,5,A,L,W,2,3,5,A,L,W,
bahrain-2011-2012,12,2012-04-13,17:30,friday,Al Bahrain SC,Al Hala,2,1,3,H,W,L,1,1,2,D,D,D,
bahrain-2011-2012,13,2012-04-17,15:30,tuesday,Al Hidd,Al Bahrain SC,0,4,4,A,L,W,0,1,1,A,L,W,
bahrain-2011-2012,13,2012-04-17,17:30,tuesday,Al Ahli,East Riffa Club,0,1,1,A,L,W,0,1,1,A,L,W,
bahrain-2011-2012,13,2012-04-23,15:30,monday,Al Najma,Busaiteen,4,0,4,H,W,L,2,0,2,H,W,L,
bahrain-2011-2012,13,2012-04-23,16:45,monday,Manama Club,Al Muharraq,2,1,3,H,W,L,0,0,0,D,D,D,
bahrain-2011-2012,13,2012-04-23,17:30,monday,Riffa SC,Al Hala,2,2,4,D,D,D,2,1,3,H,W,L,
bahrain-2011-2012,14,2012-04-26,16:30,thursday,Al Ahli,Al Bahrain SC,0,0,0,D,D,D,0,0,0,D,D,D,
bahrain-2011-2012,14,2012-04-27,15:45,friday,Busaiteen,Manama Club,4,2,6,H,W,L,3,0,3,H,W,L,
bahrain-2011-2012,14,2012-04-27,15:45,friday,East Riffa Club,Al Muharraq,0,7,7,A,L,W,0,3,3,A,L,W,
bahrain-2011-2012,14,2012-04-27,17:45,friday,Al Najma,Al Hala,1,1,2,D,D,D,0,0,0,D,D,D,
bahrain-2011-2012,14,2012-04-27,17:45,friday,Al Hidd,Riffa SC,2,2,4,D,D,D,2,1,3,H,W,L,
bahrain-2011-2012,15,2012-05-04,15:45,friday,Al Najma,Al Hidd,3,1,4,H,W,L,2,1,3,H,W,L,
bahrain-2011-2012,15,2012-05-04,17:45,friday,Al Bahrain SC,Riffa SC,2,4,6,A,L,W,1,3,4,A,L,W,
bahrain-2011-2012,15,2012-05-05,15:45,saturday,Al Ahli,Busaiteen,1,4,5,A,L,W,0,1,1,A,L,W,
bahrain-2011-2012,15,2012-05-05,17:45,saturday,Manama Club,East Riffa Club,1,0,1,H,W,L,1,0,1,H,W,L,
bahrain-2011-2012,15,2012-05-06,16:45,sunday,Al Muharraq,Al Hala,6,1,7,H,W,L,1,1,2,D,D,D,
bahrain-2011-2012,16,2012-05-10,15:45,thursday,Al Ahli,Al Najma,2,1,3,H,W,L,0,0,0,D,D,D,
bahrain-2011-2012,16,2012-05-10,17:45,thursday,Manama Club,Al Bahrain SC,0,1,1,A,L,W,0,1,1,A,L,W,
bahrain-2011-2012,16,2012-05-11,15:45,friday,Busaiteen,Al Hala,1,5,6,A,L,W,0,3,3,A,L,W,
bahrain-2011-2012,16,2012-05-11,15:45,friday,East Riffa Club,Riffa SC,2,3,5,A,L,W,0,1,1,A,L,W,
bahrain-2011-2012,16,2012-05-11,17:45,friday,Al Muharraq,Al Hidd,0,0,0,D,D,D,0,0,0,D,D,D,
bahrain-2011-2012,17,2012-05-18,15:50,friday,East Riffa Club,Al Najma,1,1,2,D,D,D,0,0,0,D,D,D,
bahrain-2011-2012,17,2012-05-18,17:50,friday,Al Hala,Manama Club,2,1,3,H,W,L,1,1,2,D,D,D,
bahrain-2011-2012,17,2012-05-19,15:50,saturday,Al Bahrain SC,Al Muharraq,1,5,6,A,L,W,0,2,2,A,L,W,
bahrain-2011-2012,17,2012-05-19,15:50,saturday,Riffa SC,Al Ahli,2,0,2,H,W,L,2,0,2,H,W,L,
bahrain-2011-2012,17,2012-05-19,17:50,saturday,Busaiteen,Al Hidd,3,1,4,H,W,L,1,1,2,D,D,D,
bahrain-2011-2012,18,2012-05-25,16:50,friday,Al Bahrain SC,East Riffa Club,3,0,3,H,W,L,0,0,0,D,D,D,
bahrain-2011-2012,18,2012-05-25,16:50,friday,Al Ahli,Manama Club,4,1,5,H,W,L,2,0,2,H,W,L,
bahrain-2011-2012,18,2012-05-26,15:50,saturday,Al Hala,Al Hidd,2,5,7,A,L,W,1,3,4,A,L,W,
bahrain-2011-2012,18,2012-05-26,17:50,saturday,Al Muharraq,Busaiteen,1,2,3,A,L,W,1,0,1,H,W,L,
bahrain-2011-2012,18,2012-05-27,15:50,sunday,Riffa SC,Al Najma,4,3,7,H,W,L,1,2,3,A,L,W,
bahrain-2012-2013,1,2012-09-21,15:00,friday,Malkiya Club,Riffa SC,3,0,3,H,W,L,2,0,2,H,W,L,
bahrain-2012-2013,1,2012-09-21,17:15,friday,Manama Club,Al Hala,2,3,5,A,L,W,1,2,3,A,L,W,
bahrain-2012-2013,1,2012-09-22,15:00,saturday,Al Hidd,Al Bahrain SC,4,1,5,H,W,L,2,1,3,H,W,L,
bahrain-2012-2013,1,2012-09-22,17:15,saturday,Busaiteen,Al Najma,2,0,2,H,W,L,1,0,1,H,W,L,
bahrain-2012-2013,1,2012-09-23,16:00,sunday,Al Muharraq,Al Shabab,2,0,2,H,W,L,1,0,1,H,W,L,
bahrain-2012-2013,2,2012-09-28,15:00,friday,Manama Club,Busaiteen,2,3,5,A,L,W,1,1,2,D,D,D,
bahrain-2012-2013,2,2012-09-28,17:15,friday,Al Najma,Al Muharraq,1,1,2,D,D,D,0,1,1,A,L,W,
bahrain-2012-2013,2,2012-09-29,15:00,saturday,Al Shabab,Riffa SC,0,1,1,A,L,W,0,1,1,A,L,W,
bahrain-2012-2013,2,2012-09-29,17:15,saturday,Al Bahrain SC,Malkiya Club,1,2,3,A,L,W,0,1,1,A,L,W,
bahrain-2012-2013,2,2012-09-30,16:00,sunday,Al Hidd,Al Hala,3,0,3,H,W,L,1,0,1,H,W,L,
bahrain-2012-2013,4,2012-10-18,16:00,thursday,Al Najma,Al Shabab,1,0,1,H,W,L,0,0,0,D,D,D,
bahrain-2012-2013,4,2012-10-19,14:30,friday,Al Hala,Busaiteen,0,3,3,A,L,W,0,1,1,A,L,W,
bahrain-2012-2013,4,2012-10-19,16:50,friday,Malkiya Club,Al Hidd,0,1,1,A,L,W,0,0,0,D,D,D,
bahrain-2012-2013,4,2012-10-20,14:35,saturday,Al Bahrain SC,Al Muharraq,1,8,9,A,L,W,0,4,4,A,L,W,
bahrain-2012-2013,4,2012-10-20,16:50,saturday,Manama Club,Riffa SC,3,3,6,D,D,D,2,1,3,H,W,L,
bahrain-2012-2013,5,2012-10-23,16:00,tuesday,Al Hidd,Al Najma,0,1,1,A,L,W,0,0,0,D,D,D,
bahrain-2012-2013,5,2012-10-24,15:30,wednesday,Al Shabab,Manama Club,2,0,2,H,W,L,0,0,0,D,D,D,
bahrain-2012-2013,5,2012-10-24,17:50,wednesday,Riffa SC,Al Bahrain SC,3,0,3,H,W,L,3,0,3,H,W,L,
bahrain-2012-2013,5,2012-10-29,14:30,monday,Malkiya Club,Busaiteen,0,3,3,A,L,W,0,1,1,A,L,W,
bahrain-2012-2013,5,2012-10-29,16:50,monday,Al Muharraq,Al Hala,1,1,2,D,D,D,1,0,1,H,W,L,
bahrain-2012-2013,6,2012-10-30,15:00,tuesday,Al Bahrain SC,Manama Club,1,6,7,A,L,W,1,4,5,A,L,W,
bahrain-2012-2013,6,2012-11-02,14:30,friday,Al Najma,Malkiya Club,2,0,2,H,W,L,1,0,1,H,W,L,
bahrain-2012-2013,6,2012-11-02,16:45,friday,Al Hala,Riffa SC,2,1,3,H,W,L,0,1,1,A,L,W,
bahrain-2012-2013,6,2012-11-03,14:30,saturday,Busaiteen,Al Shabab,3,0,3,H,W,L,0,0,0,D,D,D,
bahrain-2012-2013,6,2012-11-03,16:45,saturday,Al Muharraq,Al Hidd,2,3,5,A,L,W,2,1,3,H,W,L,
bahrain-2012-2013,7,2012-11-18,14:20,sunday,Al Shabab,Al Hala,2,2,4,D,D,D,0,2,2,A,L,W,
bahrain-2012-2013,7,2012-11-18,16:20,sunday,Manama Club,Malkiya Club,4,0,4,H,W,L,0,0,0,D,D,D,
bahrain-2012-2013,7,2012-11-19,14:20,monday,Al Najma,Al Bahrain SC,1,1,2,D,D,D,0,0,0,D,D,D,
bahrain-2012-2013,7,2012-11-19,16:20,monday,Riffa SC,Al Hidd,2,1,3,H,W,L,1,0,1,H,W,L,
bahrain-2012-2013,8,2013-01-22,15:00,tuesday,Al Bahrain SC,Al Shabab,1,0,1,H,W,L,1,0,1,H,W,L,
bahrain-2012-2013,8,2013-01-22,17:00,tuesday,Al Hala,Al Najma,1,1,2,D,D,D,0,0,0,D,D,D,
bahrain-2012-2013,8,2013-01-23,15:00,wednesday,Busaiteen,Riffa SC,3,0,3,H,W,L,3,0,3,H,W,L,
bahrain-2012-2013,8,2013-01-23,15:00,wednesday,Al Hidd,Manama Club,2,1,3,H,W,L,1,0,1,H,W,L,
bahrain-2012-2013,8,2013-01-23,17:00,wednesday,Malkiya Club,Al Muharraq,1,4,5,A,L,W,1,1,2,D,D,D,
bahrain-2012-2013,9,2013-01-26,14:00,saturday,Al Hala,Al Bahrain SC,0,2,2,A,L,W,0,0,0,D,D,D,
bahrain-2012-2013,9,2013-01-27,15:00,sunday,Malkiya Club,Al Shabab,2,2,4,D,D,D,2,1,3,H,W,L,
bahrain-2012-2013,9,2013-01-27,15:00,sunday,Manama Club,Al Najma,1,0,1,H,W,L,0,0,0,D,D,D,
bahrain-2012-2013,9,2013-01-27,15:00,sunday,Busaiteen,Al Hidd,3,2,5,H,W,L,1,0,1,H,W,L,
bahrain-2012-2013,9,2013-01-27,17:00,sunday,Riffa SC,Al Muharraq,0,1,1,A,L,W,0,1,1,A,L,W,
bahrain-2012-2013,3,2013-02-09,14:00,saturday,Al Shabab,Al Hidd,1,2,3,A,L,W,0,1,1,A,L,W,
bahrain-2012-2013,3,2013-02-09,14:00,saturday,Al Hala,Malkiya Club,2,1,3,H,W,L,1,0,1,H,W,L,
bahrain-2012-2013,3,2013-02-09,16:00,saturday,Busaiteen,Al Bahrain SC,4,0,4,H,W,L,1,0,1,H,W,L,
bahrain-2012-2013,3,2013-02-10,15:00,sunday,Riffa SC,Al Najma,2,0,2,H,W,L,1,0,1,H,W,L,
bahrain-2012-2013,3,2013-02-10,15:00,sunday,Al Muharraq,Manama Club,2,0,2,H,W,L,1,0,1,H,W,L,
bahrain-2012-2013,10,2013-02-15,14:00,friday,Al Bahrain SC,Al Hidd,2,2,4,D,D,D,0,0,0,D,D,D,
bahrain-2012-2013,10,2013-02-15,14:00,friday,Malkiya Club,Riffa SC,1,3,4,A,L,W,1,0,1,H,W,L,
bahrain-2012-2013,10,2013-02-15,16:00,friday,Al Hala,Manama Club,1,2,3,A,L,W,0,1,1,A,L,W,
bahrain-2012-2013,10,2013-02-16,14:00,saturday,Al Najma,Busaiteen,2,1,3,H,W,L,1,1,2,D,D,D,
bahrain-2012-2013,10,2013-02-16,14:00,saturday,Al Shabab,Al Muharraq,1,5,6,A,L,W,0,3,3,A,L,W,
bahrain-2012-2013,7,2013-02-19,15:00,tuesday,Al Muharraq,Busaiteen,1,0,1,H,W,L,0,0,0,D,D,D,
bahrain-2012-2013,11,2013-02-28,15:10,thursday,Busaiteen,Manama Club,2,2,4,D,D,D,,,,,,,
bahrain-2012-2013,11,2013-02-28,15:10,thursday,Riffa SC,Al Shabab,2,1,3,H,W,L,1,1,2,D,D,D,
bahrain-2012-2013,11,2013-03-02,14:10,saturday,Malkiya Club,Al Bahrain SC,1,1,2,D,D,D,1,0,1,H,W,L,
bahrain-2012-2013,11,2013-03-04,15:10,monday,Al Muharraq,Al Najma,4,1,5,H,W,L,4,0,4,H,W,L,
bahrain-2012-2013,11,2013-03-04,17:10,monday,Al Hala,Al Hidd,0,2,2,A,L,W,0,1,1,A,L,W,
bahrain-2012-2013,12,2013-03-30,14:10,saturday,Al Hidd,Al Shabab,3,0,3,H,W,L,1,0,1,H,W,L,
bahrain-2012-2013,12,2013-03-30,14:10,saturday,Al Bahrain SC,Busaiteen,0,4,4,A,L,W,0,1,1,A,L,W,
bahrain-2012-2013,12,2013-03-31,16:30,sunday,Malkiya Club,Al Hala,2,1,3,H,W,L,1,1,2,D,D,D,
bahrain-2012-2013,12,2013-04-06,15:30,saturday,Manama Club,Al Muharraq,1,3,4,A,L,W,0,2,2,A,L,W,
bahrain-2012-2013,12,2013-04-06,17:30,saturday,Al Najma,Riffa SC,1,1,2,D,D,D,0,1,1,A,L,W,
bahrain-2012-2013,13,2013-04-27,15:40,saturday,Al Shabab,Al Najma,1,2,3,A,L,W,0,1,1,A,L,W,
bahrain-2012-2013,13,2013-04-27,17:40,saturday,Al Hidd,Malkiya Club,2,0,2,H,W,L,1,0,1,H,W,L,
bahrain-2012-2013,13,2013-04-28,16:40,sunday,Busaiteen,Al Hala,1,0,1,H,W,L,1,0,1,H,W,L,
bahrain-2012-2013,13,2013-04-28,16:40,sunday,Al Muharraq,Al Bahrain SC,7,0,7,H,W,L,4,0,4,H,W,L,
bahrain-2012-2013,14,2013-05-04,15:40,saturday,Manama Club,Al Shabab,2,2,4,D,D,D,1,2,3,A,L,W,
bahrain-2012-2013,14,2013-05-04,17:40,saturday,Al Najma,Al Hidd,0,2,2,A,L,W,0,1,1,A,L,W,
bahrain-2012-2013,14,2013-05-05,16:30,sunday,Al Hala,Al Muharraq,1,2,3,A,L,W,1,1,2,D,D,D,
bahrain-2012-2013,14,2013-05-05,17:00,sunday,Busaiteen,Malkiya Club,1,1,2,D,D,D,0,0,0,D,D,D,
bahrain-2012-2013,14,2013-05-05,18:30,sunday,Al Bahrain SC,Riffa SC,1,2,3,A,L,W,0,1,1,A,L,W,
bahrain-2012-2013,15,2013-05-10,15:45,friday,Manama Club,Al Bahrain SC,2,2,4,D,D,D,0,2,2,A,L,W,
bahrain-2012-2013,15,2013-05-10,15:45,friday,Riffa SC,Al Hala,3,1,4,H,W,L,1,1,2,D,D,D,
bahrain-2012-2013,15,2013-05-10,17:45,friday,Al Shabab,Busaiteen,1,4,5,A,L,W,0,2,2,A,L,W,
bahrain-2012-2013,15,2013-05-11,15:45,saturday,Malkiya Club,Al Najma,0,1,1,A,L,W,0,0,0,D,D,D,
bahrain-2012-2013,15,2013-05-11,15:45,saturday,Al Hidd,Al Muharraq,1,2,3,A,L,W,0,2,2,A,L,W,
bahrain-2012-2013,16,2013-05-18,15:40,saturday,Al Hala,Al Shabab,0,1,1,A,L,W,0,1,1,A,L,W,
bahrain-2012-2013,16,2013-05-18,15:40,saturday,Al Bahrain SC,Al Najma,3,4,7,A,L,W,1,0,1,H,W,L,
bahrain-2012-2013,16,2013-05-18,17:40,saturday,Busaiteen,Al Muharraq,4,0,4,H,W,L,1,0,1,H,W,L,
bahrain-2012-2013,16,2013-05-19,16:40,sunday,Malkiya Club,Manama Club,1,2,3,A,L,W,0,1,1,A,L,W,
bahrain-2012-2013,16,2013-05-19,16:40,sunday,Al Hidd,Riffa SC,4,0,4,H,W,L,1,0,1,H,W,L,
bahrain-2012-2013,17,2013-05-24,15:50,friday,Riffa SC,Busaiteen,0,1,1,A,L,W,0,0,0,D,D,D,
bahrain-2012-2013,17,2013-05-24,15:55,friday,Manama Club,Al Hidd,2,3,5,A,L,W,1,0,1,H,W,L,
bahrain-2012-2013,17,2013-05-24,17:50,friday,Al Muharraq,Malkiya Club,2,0,2,H,W,L,1,0,1,H,W,L,
bahrain-2012-2013,17,2013-05-25,15:55,saturday,Al Shabab,Al Bahrain SC,5,3,8,H,W,L,2,0,2,H,W,L,
bahrain-2012-2013,17,2013-05-25,15:55,saturday,Al Najma,Al Hala,0,7,7,A,L,W,0,2,2,A,L,W,
bahrain-2012-2013,13,2013-05-28,17:00,tuesday,Riffa SC,Manama Club,1,1,2,D,D,D,1,1,2,D,D,D,
bahrain-2012-2013,18,2013-05-30,17:00,thursday,Al Bahrain SC,Al Hala,4,4,8,D,D,D,1,2,3,A,L,W,
bahrain-2012-2013,18,2013-05-30,17:00,thursday,Al Shabab,Malkiya Club,3,3,6,D,D,D,1,1,2,D,D,D,
bahrain-2012-2013,18,2013-05-31,15:55,friday,Al Hidd,Busaiteen,1,2,3,A,L,W,1,0,1,H,W,L,
bahrain-2012-2013,18,2013-06-01,16:00,saturday,Al Najma,Manama Club,0,3,3,A,L,W,0,1,1,A,L,W,
bahrain-2012-2013,18,2013-06-03,17:00,monday,Al Muharraq,Riffa SC,1,1,2,D,D,D,1,0,1,H,W,L,
bahrain-2013-2014,1,2013-09-20,15:10,friday,Riffa SC,Al Hala,0,0,0,D,D,D,0,0,0,D,D,D,
bahrain-2013-2014,1,2013-09-20,15:10,friday,Al Najma,Manama Club,1,1,2,D,D,D,1,1,2,D,D,D,
bahrain-2013-2014,1,2013-09-20,17:30,friday,Al Shabab,Al Hidd,2,2,4,D,D,D,0,1,1,A,L,W,
bahrain-2013-2014,1,2013-09-21,15:10,saturday,Busaiteen,Sitra Club,3,1,4,H,W,L,2,0,2,H,W,L,
bahrain-2013-2014,1,2013-09-21,17:30,saturday,Al Muharraq,Malkiya Club,2,0,2,H,W,L,1,0,1,H,W,L,
bahrain-2013-2014,2,2013-09-27,15:00,friday,Sitra Club,Al Shabab,1,1,2,D,D,D,1,0,1,H,W,L,
bahrain-2013-2014,2,2013-09-27,15:00,friday,Al Hala,Al Muharraq,2,4,6,A,L,W,2,2,4,D,D,D,
bahrain-2013-2014,2,2013-09-27,17:30,friday,Manama Club,Riffa SC,0,1,1,A,L,W,0,1,1,A,L,W,
bahrain-2013-2014,2,2013-09-28,15:00,saturday,Al Hidd,Al Najma,4,2,6,H,W,L,3,0,3,H,W,L,
bahrain-2013-2014,2,2013-09-28,17:30,saturday,Malkiya Club,Busaiteen,0,1,1,A,L,W,0,0,0,D,D,D,
bahrain-2013-2014,3,2013-10-20,15:45,sunday,Malkiya Club,Al Hala,1,1,2,D,D,D,,,,,,,
bahrain-2013-2014,3,2013-10-20,15:45,sunday,Riffa SC,Al Hidd,0,0,0,D,D,D,0,0,0,D,D,D,
bahrain-2013-2014,3,2013-10-20,18:00,sunday,Al Najma,Sitra Club,0,3,3,A,L,W,,,,,,,
bahrain-2013-2014,3,2013-10-21,18:00,monday,Busaiteen,Al Shabab,1,1,2,D,D,D,,,,,,,
bahrain-2013-2014,3,2013-10-23,15:45,wednesday,Al Muharraq,Manama Club,1,1,2,D,D,D,,,,,,,
bahrain-2013-2014,4,2013-10-25,14:30,friday,Sitra Club,Riffa SC,1,3,4,A,L,W,,,,,,,
bahrain-2013-2014,4,2013-10-25,16:45,friday,Al Hala,Busaiteen,2,3,5,A,L,W,,,,,,,
bahrain-2013-2014,4,2013-10-27,14:30,sunday,Manama Club,Malkiya Club,0,1,1,A,L,W,,,,,,,
bahrain-2013-2014,4,2013-10-28,14:30,monday,Al Shabab,Al Najma,2,0,2,H,W,L,,,,,,,
bahrain-2013-2014,4,2013-10-28,16:45,monday,Al Hidd,Al Muharraq,2,0,2,H,W,L,,,,,,,
bahrain-2013-2014,5,2013-11-01,13:30,friday,Riffa SC,Al Shabab,1,1,2,D,D,D,,,,,,,
bahrain-2013-2014,5,2013-11-01,13:30,friday,Al Hala,Manama Club,1,1,2,D,D,D,,,,,,,
bahrain-2013-2014,5,2013-11-01,15:45,friday,Malkiya Club,Al Hidd,1,1,2,D,D,D,,,,,,,
bahrain-2013-2014,5,2013-11-02,13:30,saturday,Busaiteen,Al Najma,0,1,1,A,L,W,,,,,,,
bahrain-2013-2014,5,2013-11-02,16:00,saturday,Al Muharraq,Sitra Club,2,0,2,H,W,L,,,,,,,
bahrain-2013-2014,6,2013-11-23,13:15,saturday,Al Najma,Riffa SC,0,1,1,A,L,W,,,,,,,
bahrain-2013-2014,6,2013-11-23,15:30,saturday,Al Hidd,Al Hala,0,3,3,A,L,W,,,,,,,
bahrain-2013-2014,6,2013-11-24,14:30,sunday,Al Muharraq,Al Shabab,0,0,0,D,D,D,0,0,0,D,D,D,
bahrain-2013-2014,6,2013-11-24,16:45,sunday,Manama Club,Busaiteen,1,0,1,H,W,L,,,,,,,
bahrain-2013-2014,6,2013-11-25,15:00,monday,Sitra Club,Malkiya Club,1,2,3,A,L,W,,,,,,,
bahrain-2013-2014,7,2013-11-29,13:15,friday,Al Najma,Al Muharraq,1,1,2,D,D,D,,,,,,,
bahrain-2013-2014,7,2013-11-29,13:15,friday,Busaiteen,Riffa SC,0,1,1,A,L,W,,,,,,,
bahrain-2013-2014,7,2013-11-29,15:30,friday,Al Hidd,Manama Club,2,2,4,D,D,D,,,,,,,
bahrain-2013-2014,7,2013-11-30,13:15,saturday,Al Hala,Sitra Club,4,1,5,H,W,L,,,,,,,
bahrain-2013-2014,7,2013-11-30,15:30,saturday,Malkiya Club,Al Shabab,0,3,3,A,L,W,,,,,,,
bahrain-2013-2014,8,2013-12-05,14:30,thursday,Manama Club,Sitra Club,2,0,2,H,W,L,,,,,,,
bahrain-2013-2014,8,2013-12-05,16:45,thursday,Al Shabab,Al Hala,0,0,0,D,D,D,0,0,0,D,D,D,
bahrain-2013-2014,8,2013-12-06,13:15,friday,Busaiteen,Al Hidd,1,1,2,D,D,D,,,,,,,
bahrain-2013-2014,8,2013-12-06,14:30,friday,Al Najma,Malkiya Club,1,1,2,D,D,D,,,,,,,
bahrain-2013-2014,8,2013-12-06,15:30,friday,Riffa SC,Al Muharraq,1,0,1,H,W,L,,,,,,,
bahrain-2013-2014,9,2013-12-11,14:30,wednesday,Malkiya Club,Riffa SC,1,2,3,A,L,W,,,,,,,
bahrain-2013-2014,9,2013-12-11,16:45,wednesday,Al Muharraq,Busaiteen,3,2,5,H,W,L,,,,,,,
bahrain-2013-2014,9,2013-12-12,14:30,thursday,Sitra Club,Al Hidd,1,2,3,A,L,W,,,,,,,
bahrain-2013-2014,9,2013-12-12,16:45,thursday,Al Shabab,Manama Club,0,4,4,A,L,W,,,,,,,
bahrain-2013-2014,9,2013-12-13,14:30,friday,Al Hala,Al Najma,0,1,1,A,L,W,,,,,,,
bahrain-2013-2014,10,2014-01-14,15:00,tuesday,Manama Club,Al Najma,2,1,3,H,W,L,,,,,,,
bahrain-2013-2014,10,2014-01-14,15:00,tuesday,Al Hidd,Al Shabab,2,1,3,H,W,L,,,,,,,
bahrain-2013-2014,10,2014-01-14,15:00,tuesday,Al Hala,Riffa SC,0,0,0,D,D,D,0,0,0,D,D,D,
bahrain-2013-2014,10,2014-01-15,15:00,wednesday,Sitra Club,Busaiteen,1,4,5,A,L,W,,,,,,,
bahrain-2013-2014,10,2014-01-15,15:00,wednesday,Malkiya Club,Al Muharraq,0,0,0,D,D,D,0,0,0,D,D,D,
bahrain-2013-2014,11,2014-01-19,15:00,sunday,Al Najma,Al Hidd,0,4,4,A,L,W,,,,,,,
bahrain-2013-2014,11,2014-01-30,15:00,thursday,Al Muharraq,Al Hala,0,0,0,D,D,D,0,0,0,D,D,D,
bahrain-2013-2014,11,2014-01-30,15:00,thursday,Busaiteen,Malkiya Club,2,0,2,H,W,L,,,,,,,
bahrain-2013-2014,11,2014-01-31,13:45,friday,Riffa SC,Manama Club,0,2,2,A,L,W,,,,,,,
bahrain-2013-2014,11,2014-01-31,16:00,friday,Al Shabab,Sitra Club,0,0,0,D,D,D,0,0,0,D,D,D,
bahrain-2013-2014,12,2014-02-07,13:50,friday,Sitra Club,Al Najma,0,0,0,D,D,D,0,0,0,D,D,D,
bahrain-2013-2014,12,2014-02-07,16:05,friday,Al Hala,Malkiya Club,1,1,2,D,D,D,,,,,,,
bahrain-2013-2014,12,2014-02-09,15:00,sunday,Al Shabab,Busaiteen,2,3,5,A,L,W,,,,,,,
bahrain-2013-2014,12,2014-02-09,15:00,sunday,Manama Club,Al Muharraq,0,1,1,A,L,W,,,,,,,
bahrain-2013-2014,13,2014-02-14,13:55,friday,Al Najma,Al Shabab,1,1,2,D,D,D,,,,,,,
bahrain-2013-2014,13,2014-02-14,15:00,friday,Riffa SC,Sitra Club,6,1,7,H,W,L,,,,,,,
bahrain-2013-2014,13,2014-02-14,16:10,friday,Malkiya Club,Manama Club,2,3,5,A,L,W,,,,,,,
bahrain-2013-2014,13,2014-02-15,15:00,saturday,Al Muharraq,Al Hidd,0,0,0,D,D,D,0,0,0,D,D,D,
bahrain-2013-2014,13,2014-02-15,15:00,saturday,Busaiteen,Al Hala,0,0,0,D,D,D,0,0,0,D,D,D,
bahrain-2013-2014,14,2014-03-09,15:30,sunday,Manama Club,Al Hala,2,1,3,H,W,L,,,,,,,
bahrain-2013-2014,14,2014-03-15,15:30,saturday,Al Najma,Busaiteen,3,3,6,D,D,D,2,1,3,H,W,L,
bahrain-2013-2014,12,2014-03-25,15:30,tuesday,Al Hidd,Riffa SC,0,0,0,D,D,D,0,0,0,D,D,D,
bahrain-2013-2014,14,2014-04-05,15:20,saturday,Sitra Club,Al Muharraq,0,2,2,A,L,W,0,2,2,A,L,W,
bahrain-2013-2014,15,2014-04-10,16:30,thursday,Al Shabab,Al Muharraq,1,2,3,A,L,W,0,1,1,A,L,W,
bahrain-2013-2014,15,2014-04-10,16:30,thursday,Busaiteen,Manama Club,1,2,3,A,L,W,0,2,2,A,L,W,
bahrain-2013-2014,15,2014-04-11,16:30,friday,Malkiya Club,Sitra Club,4,1,5,H,W,L,2,0,2,H,W,L,
bahrain-2013-2014,15,2014-04-13,17:40,sunday,Al Hala,Al Hidd,1,2,3,A,L,W,0,2,2,A,L,W,
bahrain-2013-2014,15,2014-04-13,,sunday,Riffa SC,Al Najma,1,0,1,H,W,L,,,,,,,
bahrain-2013-2014,14,2014-04-18,15:30,friday,Al Hidd,Malkiya Club,1,0,1,H,W,L,0,0,0,D,D,D,
bahrain-2013-2014,14,2014-04-18,17:45,friday,Al Shabab,Riffa SC,0,1,1,A,L,W,0,0,0,D,D,D,
bahrain-2013-2014,16,2014-05-01,16:40,thursday,Al Shabab,Malkiya Club,1,2,3,A,L,W,1,0,1,H,W,L,
bahrain-2013-2014,16,2014-05-01,16:40,thursday,Sitra Club,Al Hala,0,1,1,A,L,W,0,0,0,D,D,D,
bahrain-2013-2014,16,2014-05-01,16:40,thursday,Al Muharraq,Al Najma,1,1,2,D,D,D,0,0,0,D,D,D,
bahrain-2013-2014,16,2014-05-02,15:35,friday,Riffa SC,Busaiteen,2,1,3,H,W,L,2,1,3,H,W,L,
bahrain-2013-2014,16,2014-05-02,15:35,friday,Manama Club,Al Hidd,2,1,3,H,W,L,1,0,1,H,W,L,
bahrain-2013-2014,17,2014-05-22,17:00,thursday,Malkiya Club,Al Najma,1,0,1,H,W,L,0,0,0,D,D,D,
bahrain-2013-2014,17,2014-05-22,17:00,thursday,Al Hala,Al Shabab,1,2,3,A,L,W,0,2,2,A,L,W,
bahrain-2013-2014,17,2014-05-23,17:00,friday,Sitra Club,Manama Club,2,3,5,A,L,W,0,3,3,A,L,W,
bahrain-2013-2014,17,2014-05-23,17:00,friday,Al Hidd,Busaiteen,2,0,2,H,W,L,1,0,1,H,W,L,
bahrain-2013-2014,17,2014-05-24,17:00,saturday,Al Muharraq,Riffa SC,4,1,5,H,W,L,0,1,1,A,L,W,
bahrain-2013-2014,18,2014-05-28,17:00,wednesday,Al Najma,Al Hala,2,3,5,A,L,W,0,3,3,A,L,W,
bahrain-2013-2014,18,2014-05-29,17:00,thursday,Al Hidd,Sitra Club,6,0,6,H,W,L,0,0,0,D,D,D,
bahrain-2013-2014,18,2014-05-29,17:00,thursday,Busaiteen,Al Muharraq,2,3,5,A,L,W,2,2,4,D,D,D,
bahrain-2013-2014,18,2014-05-30,15:50,friday,Manama Club,Al Shabab,5,0,5,H,W,L,3,0,3,H,W,L,
bahrain-2013-2014,18,2014-05-30,15:50,friday,Riffa SC,Malkiya Club,3,1,4,H,W,L,1,0,1,H,W,L,
bahrain-2014-2015,1,2014-09-17,16:30,wednesday,Al Hidd,Al Shabab,3,0,3,H,W,L,1,0,1,H,W,L,
bahrain-2014-2015,1,2014-09-17,16:30,wednesday,Busaiteen,Al Hala,1,1,2,D,D,D,0,0,0,D,D,D,
bahrain-2014-2015,1,2014-09-18,16:15,thursday,Manama Club,East Riffa Club,3,0,3,H,W,L,1,0,1,H,W,L,
bahrain-2014-2015,1,2014-09-18,16:30,thursday,Riffa SC,Al Bahrain SC,2,1,3,H,W,L,2,0,2,H,W,L,
bahrain-2014-2015,1,2014-09-18,18:30,thursday,Al Muharraq,Malkiya Club,1,0,1,H,W,L,0,0,0,D,D,D,
bahrain-2014-2015,2,2014-09-22,16:30,monday,East Riffa Club,Riffa SC,0,1,1,A,L,W,0,0,0,D,D,D,
bahrain-2014-2015,2,2014-09-22,16:30,monday,Al Bahrain SC,Al Shabab,1,0,1,H,W,L,0,0,0,D,D,D,
bahrain-2014-2015,2,2014-09-22,16:30,monday,Manama Club,Malkiya Club,4,2,6,H,W,L,1,0,1,H,W,L,
bahrain-2014-2015,2,2014-09-23,16:30,tuesday,Al Muharraq,Busaiteen,1,0,1,H,W,L,0,0,0,D,D,D,
bahrain-2014-2015,2,2014-09-23,16:30,tuesday,Al Hidd,Al Hala,2,0,2,H,W,L,0,0,0,D,D,D,
bahrain-2014-2015,3,2014-09-27,16:00,saturday,East Riffa Club,Malkiya Club,2,1,3,H,W,L,0,1,1,A,L,W,
bahrain-2014-2015,3,2014-09-27,16:30,saturday,Riffa SC,Al Shabab,1,0,1,H,W,L,1,0,1,H,W,L,
bahrain-2014-2015,3,2014-09-27,18:15,saturday,Al Bahrain SC,Al Hala,6,1,7,H,W,L,3,0,3,H,W,L,
bahrain-2014-2015,3,2014-09-28,16:30,sunday,Manama Club,Busaiteen,4,1,5,H,W,L,2,0,2,H,W,L,
bahrain-2014-2015,3,2014-09-28,16:30,sunday,Al Hidd,Al Muharraq,0,0,0,D,D,D,0,0,0,D,D,D,
bahrain-2014-2015,4,2014-10-01,16:15,wednesday,Malkiya Club,Riffa SC,0,2,2,A,L,W,0,1,1,A,L,W,
bahrain-2014-2015,4,2014-10-01,16:15,wednesday,Al Shabab,Al Hala,1,3,4,A,L,W,1,2,3,A,L,W,
bahrain-2014-2015,4,2014-10-02,16:15,thursday,Manama Club,Al Hidd,0,1,1,A,L,W,0,0,0,D,D,D,
bahrain-2014-2015,4,2014-10-02,16:15,thursday,East Riffa Club,Busaiteen,2,1,3,H,W,L,1,1,2,D,D,D,
bahrain-2014-2015,4,2014-10-02,18:30,thursday,Al Bahrain SC,Al Muharraq,1,3,4,A,L,W,0,0,0,D,D,D,
bahrain-2014-2015,5,2014-10-18,16:00,saturday,Al Bahrain SC,Manama Club,1,1,2,D,D,D,0,1,1,A,L,W,
bahrain-2014-2015,5,2014-10-18,16:00,saturday,Riffa SC,Al Hala,4,0,4,H,W,L,2,0,2,H,W,L,
bahrain-2014-2015,5,2014-10-18,16:00,saturday,Al Shabab,Al Muharraq,1,3,4,A,L,W,1,2,3,A,L,W,
bahrain-2014-2015,5,2014-10-19,16:00,sunday,East Riffa Club,Al Hidd,2,1,3,H,W,L,1,1,2,D,D,D,
bahrain-2014-2015,5,2014-10-19,16:00,sunday,Malkiya Club,Busaiteen,0,1,1,A,L,W,0,0,0,D,D,D,
bahrain-2014-2015,6,2014-10-23,16:00,thursday,Malkiya Club,Al Hidd,1,3,4,A,L,W,0,0,0,D,D,D,
bahrain-2014-2015,6,2014-10-23,16:00,thursday,Al Hala,Al Muharraq,0,4,4,A,L,W,0,4,4,A,L,W,
bahrain-2014-2015,6,2014-10-23,18:15,thursday,Busaiteen,Riffa SC,1,1,2,D,D,D,1,0,1,H,W,L,
bahrain-2014-2015,6,2014-10-24,16:00,friday,Al Shabab,Manama Club,0,2,2,A,L,W,0,0,0,D,D,D,
bahrain-2014-2015,6,2014-10-24,16:00,friday,East Riffa Club,Al Bahrain SC,1,1,2,D,D,D,1,0,1,H,W,L,
bahrain-2014-2015,7,2014-11-30,15:00,sunday,Malkiya Club,Al Bahrain SC,1,0,1,H,W,L,0,0,0,D,D,D,
bahrain-2014-2015,7,2014-11-30,15:00,sunday,Busaiteen,Al Hidd,1,0,1,H,W,L,1,0,1,H,W,L,
bahrain-2014-2015,7,2014-11-30,15:00,sunday,Al Shabab,East Riffa Club,1,2,3,A,L,W,1,0,1,H,W,L,
bahrain-2014-2015,7,2014-12-01,15:00,monday,Riffa SC,Al Muharraq,4,4,8,D,D,D,2,2,4,D,D,D,
bahrain-2014-2015,7,2014-12-01,15:00,monday,Al Hala,Manama Club,1,1,2,D,D,D,0,1,1,A,L,W,
bahrain-2014-2015,8,2014-12-05,15:00,friday,Al Muharraq,Manama Club,1,2,3,A,L,W,1,1,2,D,D,D,
bahrain-2014-2015,8,2014-12-05,15:00,friday,Malkiya Club,Al Shabab,2,1,3,H,W,L,0,1,1,A,L,W,
bahrain-2014-2015,8,2014-12-06,15:00,saturday,Busaiteen,Al Bahrain SC,1,1,2,D,D,D,0,1,1,A,L,W,
bahrain-2014-2015,8,2014-12-06,15:00,saturday,Al Hala,East Riffa Club,2,4,6,A,L,W,0,2,2,A,L,W,
bahrain-2014-2015,8,2014-12-06,15:00,saturday,Al Hidd,Riffa SC,1,1,2,D,D,D,0,1,1,A,L,W,
bahrain-2014-2015,9,2014-12-10,14:30,wednesday,Riffa SC,Manama Club,1,2,3,A,L,W,1,1,2,D,D,D,
bahrain-2014-2015,9,2014-12-10,16:45,wednesday,Al Hidd,Al Bahrain SC,1,0,1,H,W,L,0,0,0,D,D,D,
bahrain-2014-2015,9,2014-12-11,14:30,thursday,Al Muharraq,East Riffa Club,3,1,4,H,W,L,0,0,0,D,D,D,
bahrain-2014-2015,9,2014-12-11,15:00,thursday,Al Hala,Malkiya Club,2,0,2,H,W,L,2,0,2,H,W,L,
bahrain-2014-2015,9,2014-12-11,16:45,thursday,Busaiteen,Al Shabab,1,0,1,H,W,L,0,0,0,D,D,D,
bahrain-2014-2015,10,2015-02-06,15:30,friday,Al Bahrain SC,Riffa SC,0,1,1,A,L,W,0,1,1,A,L,W,
bahrain-2014-2015,10,2015-02-06,15:30,friday,Al Shabab,Al Hidd,0,1,1,A,L,W,0,1,1,A,L,W,
bahrain-2014-2015,10,2015-02-07,15:30,saturday,Al Hala,Busaiteen,0,0,0,D,D,D,0,0,0,D,D,D,
bahrain-2014-2015,10,2015-02-07,15:30,saturday,Malkiya Club,Al Muharraq,1,1,2,D,D,D,0,0,0,D,D,D,
bahrain-2014-2015,10,2015-02-08,15:30,sunday,East Riffa Club,Manama Club,2,1,3,H,W,L,1,1,2,D,D,D,
bahrain-2014-2015,11,2015-02-12,15:30,thursday,Malkiya Club,Manama Club,2,5,7,A,L,W,0,1,1,A,L,W,
bahrain-2014-2015,11,2015-02-12,15:30,thursday,Al Hala,Al Hidd,2,0,2,H,W,L,1,0,1,H,W,L,
bahrain-2014-2015,11,2015-02-13,15:30,friday,Al Shabab,Al Bahrain SC,0,0,0,D,D,D,0,0,0,D,D,D,
bahrain-2014-2015,11,2015-02-14,14:05,saturday,Riffa SC,East Riffa Club,0,1,1,A,L,W,0,0,0,D,D,D,
bahrain-2014-2015,11,2015-02-14,16:15,saturday,Busaiteen,Al Muharraq,0,5,5,A,L,W,0,4,4,A,L,W,
bahrain-2014-2015,12,2015-02-28,14:10,saturday,Malkiya Club,East Riffa Club,0,1,1,A,L,W,0,0,0,D,D,D,
bahrain-2014-2015,12,2015-02-28,16:15,saturday,Al Hala,Al Bahrain SC,0,5,5,A,L,W,0,1,1,A,L,W,
bahrain-2014-2015,12,2015-03-01,15:15,sunday,Busaiteen,Manama Club,0,3,3,A,L,W,0,2,2,A,L,W,
bahrain-2014-2015,12,2015-03-01,15:30,sunday,Al Shabab,Riffa SC,0,1,1,A,L,W,0,1,1,A,L,W,
bahrain-2014-2015,12,2015-03-01,17:30,sunday,Al Muharraq,Al Hidd,2,3,5,A,L,W,1,1,2,D,D,D,
bahrain-2014-2015,13,2015-03-13,14:15,friday,Busaiteen,East Riffa Club,1,2,3,A,L,W,0,2,2,A,L,W,
bahrain-2014-2015,13,2015-03-13,16:30,friday,Al Hala,Al Shabab,1,2,3,A,L,W,1,1,2,D,D,D,
bahrain-2014-2015,13,2015-03-14,14:15,saturday,Riffa SC,Malkiya Club,1,1,2,D,D,D,0,1,1,A,L,W,
bahrain-2014-2015,13,2015-03-14,15:30,saturday,Al Muharraq,Al Bahrain SC,3,0,3,H,W,L,2,0,2,H,W,L,
bahrain-2014-2015,13,2015-03-14,16:30,saturday,Al Hidd,Manama Club,0,0,0,D,D,D,0,0,0,D,D,D,
bahrain-2014-2015,14,2015-04-09,15:30,thursday,Al Hala,Riffa SC,1,2,3,A,L,W,1,0,1,H,W,L,
bahrain-2014-2015,14,2015-04-09,17:45,thursday,Manama Club,Al Bahrain SC,2,1,3,H,W,L,,,,,,,
bahrain-2014-2015,14,2015-04-10,15:30,friday,Busaiteen,Malkiya Club,1,2,3,A,L,W,1,1,2,D,D,D,
bahrain-2014-2015,14,2015-04-10,17:45,friday,Al Hidd,East Riffa Club,3,2,5,H,W,L,2,2,4,D,D,D,
bahrain-2014-2015,14,2015-04-11,15:30,saturday,Al Muharraq,Al Shabab,1,0,1,H,W,L,1,0,1,H,W,L,
bahrain-2014-2015,15,2015-04-17,15:35,friday,Al Muharraq,Al Hala,5,4,9,H,W,L,3,1,4,H,W,L,
bahrain-2014-2015,15,2015-04-17,17:50,friday,Al Bahrain SC,East Riffa Club,0,4,4,A,L,W,0,0,0,D,D,D,
bahrain-2014-2015,15,2015-04-18,15:35,saturday,Manama Club,Al Shabab,0,4,4,A,L,W,0,1,1,A,L,W,
bahrain-2014-2015,15,2015-04-20,15:35,monday,Al Hidd,Malkiya Club,2,1,3,H,W,L,1,1,2,D,D,D,
bahrain-2014-2015,15,2015-04-20,17:50,monday,Riffa SC,Busaiteen,3,1,4,H,W,L,1,0,1,H,W,L,
bahrain-2014-2015,16,2015-04-24,15:35,friday,Al Hidd,Busaiteen,3,1,4,H,W,L,1,1,2,D,D,D,
bahrain-2014-2015,16,2015-04-24,17:50,friday,Al Muharraq,Riffa SC,1,0,1,H,W,L,0,0,0,D,D,D,
bahrain-2014-2015,16,2015-04-26,15:35,sunday,East Riffa Club,Al Shabab,1,1,2,D,D,D,1,1,2,D,D,D,
bahrain-2014-2015,16,2015-04-26,17:50,sunday,Manama Club,Al Hala,0,1,1,A,L,W,0,0,0,D,D,D,
bahrain-2014-2015,16,2015-04-27,16:00,monday,Al Bahrain SC,Malkiya Club,1,2,3,A,L,W,0,0,0,D,D,D,
bahrain-2014-2015,17,2015-05-01,15:35,friday,Manama Club,Al Muharraq,0,2,2,A,L,W,0,0,0,D,D,D,
bahrain-2014-2015,17,2015-05-01,17:50,friday,East Riffa Club,Al Hala,2,3,5,A,L,W,0,2,2,A,L,W,
bahrain-2014-2015,17,2015-05-02,15:35,saturday,Al Shabab,Malkiya Club,0,1,1,A,L,W,0,0,0,D,D,D,
bahrain-2014-2015,17,2015-05-02,17:50,saturday,Al Bahrain SC,Busaiteen,2,3,5,A,L,W,1,0,1,H,W,L,
bahrain-2014-2015,17,2015-05-03,17:00,sunday,Riffa SC,Al Hidd,1,2,3,A,L,W,1,0,1,H,W,L,
bahrain-2014-2015,18,2015-05-16,15:45,saturday,Malkiya Club,Al Hala,0,0,0,D,D,D,0,0,0,D,D,D,
bahrain-2014-2015,18,2015-05-17,17:00,sunday,Al Shabab,Busaiteen,1,2,3,A,L,W,0,1,1,A,L,W,
bahrain-2014-2015,18,2015-05-17,17:00,sunday,East Riffa Club,Al Muharraq,1,1,2,D,D,D,0,1,1,A,L,W,
bahrain-2014-2015,18,2015-05-17,17:00,sunday,Al Bahrain SC,Al Hidd,1,3,4,A,L,W,0,2,2,A,L,W,
bahrain-2014-2015,18,2015-05-18,17:00,monday,Manama Club,Riffa SC,1,0,1,H,W,L,0,0,0,D,D,D,
bahrain-2015-2016,1,2015-10-26,15:00,monday,Manama Club,Al Ahli,0,3,3,A,L,W,0,2,2,A,L,W,
bahrain-2015-2016,1,2015-10-26,15:00,monday,Busaiteen,Sitra Club,2,1,3,H,W,L,2,0,2,H,W,L,
bahrain-2015-2016,1,2015-10-26,17:15,monday,Al Hidd,Al Hala,0,0,0,D,D,D,0,0,0,D,D,D,
bahrain-2015-2016,1,2015-10-27,15:00,tuesday,Al Muharraq,Malkiya Club,4,0,4,H,W,L,1,0,1,H,W,L,
bahrain-2015-2016,1,2015-10-27,17:15,tuesday,East Riffa Club,Riffa SC,0,1,1,A,L,W,0,0,0,D,D,D,
bahrain-2015-2016,2,2015-10-30,15:00,friday,Al Hala,Busaiteen,0,0,0,D,D,D,0,0,0,D,D,D,
bahrain-2015-2016,2,2015-10-30,17:15,friday,Sitra Club,Al Ahli,2,0,2,H,W,L,0,0,0,D,D,D,
bahrain-2015-2016,2,2015-10-31,15:00,saturday,Al Hidd,Riffa SC,3,1,4,H,W,L,2,0,2,H,W,L,
bahrain-2015-2016,2,2015-10-31,15:00,saturday,Manama Club,Malkiya Club,0,4,4,A,L,W,0,2,2,A,L,W,
bahrain-2015-2016,2,2015-10-31,17:15,saturday,East Riffa Club,Al Muharraq,1,1,2,D,D,D,1,1,2,D,D,D,
bahrain-2015-2016,3,2015-11-04,15:00,wednesday,Al Hala,Riffa SC,1,1,2,D,D,D,1,1,2,D,D,D,
bahrain-2015-2016,3,2015-11-04,15:00,wednesday,Busaiteen,Al Ahli,1,0,1,H,W,L,1,0,1,H,W,L,
bahrain-2015-2016,3,2015-11-05,15:00,thursday,Manama Club,East Riffa Club,0,2,2,A,L,W,0,1,1,A,L,W,
bahrain-2015-2016,3,2015-11-05,15:00,thursday,Sitra Club,Malkiya Club,1,1,2,D,D,D,0,1,1,A,L,W,
bahrain-2015-2016,3,2015-11-05,17:15,thursday,Al Hidd,Al Muharraq,1,0,1,H,W,L,0,0,0,D,D,D,
bahrain-2015-2016,4,2015-11-23,15:00,monday,Al Hala,Al Muharraq,0,2,2,A,L,W,0,2,2,A,L,W,
bahrain-2015-2016,4,2015-11-23,15:00,monday,Riffa SC,Busaiteen,2,3,5,A,L,W,1,1,2,D,D,D,
bahrain-2015-2016,4,2015-11-23,17:15,monday,Sitra Club,East Riffa Club,0,1,1,A,L,W,0,0,0,D,D,D,
bahrain-2015-2016,4,2015-11-24,15:00,tuesday,Al Hidd,Manama Club,3,2,5,H,W,L,1,1,2,D,D,D,
bahrain-2015-2016,4,2015-11-24,17:15,tuesday,Al Ahli,Malkiya Club,1,1,2,D,D,D,0,0,0,D,D,D,
bahrain-2015-2016,5,2015-11-28,15:00,saturday,Al Ahli,East Riffa Club,0,0,0,D,D,D,0,0,0,D,D,D,
bahrain-2015-2016,5,2015-11-28,15:00,saturday,Al Hala,Manama Club,2,1,3,H,W,L,0,1,1,A,L,W,
bahrain-2015-2016,5,2015-11-28,17:15,saturday,Riffa SC,Al Muharraq,1,0,1,H,W,L,0,0,0,D,D,D,
bahrain-2015-2016,5,2015-11-29,15:00,sunday,Sitra Club,Al Hidd,1,1,2,D,D,D,0,1,1,A,L,W,
bahrain-2015-2016,5,2015-11-29,17:15,sunday,Busaiteen,Malkiya Club,3,2,5,H,W,L,0,0,0,D,D,D,
bahrain-2015-2016,6,2015-12-04,13:15,friday,Al Muharraq,Busaiteen,1,0,1,H,W,L,1,0,1,H,W,L,
bahrain-2015-2016,6,2015-12-04,15:00,friday,Riffa SC,Manama Club,1,0,1,H,W,L,1,0,1,H,W,L,
bahrain-2015-2016,6,2015-12-04,15:30,friday,Al Ahli,Al Hidd,1,2,3,A,L,W,1,0,1,H,W,L,
bahrain-2015-2016,6,2015-12-05,13:15,saturday,Malkiya Club,East Riffa Club,1,0,1,H,W,L,0,0,0,D,D,D,
bahrain-2015-2016,6,2015-12-05,15:30,saturday,Al Hala,Sitra Club,0,2,2,A,L,W,0,0,0,D,D,D,
bahrain-2015-2016,7,2015-12-11,13:15,friday,Busaiteen,East Riffa Club,1,5,6,A,L,W,0,3,3,A,L,W,
bahrain-2015-2016,7,2015-12-11,15:30,friday,Al Muharraq,Manama Club,0,2,2,A,L,W,0,1,1,A,L,W,
bahrain-2015-2016,7,2015-12-12,13:15,saturday,Al Ahli,Al Hala,3,1,4,H,W,L,1,0,1,H,W,L,
bahrain-2015-2016,7,2015-12-12,15:00,saturday,Malkiya Club,Al Hidd,1,1,2,D,D,D,0,0,0,D,D,D,
bahrain-2015-2016,7,2015-12-12,15:30,saturday,Riffa SC,Sitra Club,1,3,4,A,L,W,1,2,3,A,L,W,
bahrain-2015-2016,8,2015-12-18,13:15,friday,Riffa SC,Al Ahli,1,2,3,A,L,W,0,1,1,A,L,W,
bahrain-2015-2016,8,2015-12-18,15:30,friday,East Riffa Club,Al Hidd,0,1,1,A,L,W,0,1,1,A,L,W,
bahrain-2015-2016,8,2015-12-19,13:15,saturday,Manama Club,Busaiteen,2,0,2,H,W,L,1,0,1,H,W,L,
bahrain-2015-2016,8,2015-12-19,15:00,saturday,Al Muharraq,Sitra Club,1,0,1,H,W,L,0,0,0,D,D,D,
bahrain-2015-2016,8,2015-12-19,15:30,saturday,Malkiya Club,Al Hala,0,0,0,D,D,D,0,0,0,D,D,D,
bahrain-2015-2016,9,2015-12-25,13:20,friday,Busaiteen,Al Hidd,1,3,4,A,L,W,1,1,2,D,D,D,
bahrain-2015-2016,9,2015-12-25,15:00,friday,East Riffa Club,Al Hala,3,2,5,H,W,L,1,1,2,D,D,D,
bahrain-2015-2016,9,2015-12-25,15:35,friday,Manama Club,Sitra Club,3,0,3,H,W,L,1,0,1,H,W,L,
bahrain-2015-2016,9,2015-12-26,13:20,saturday,Malkiya Club,Riffa SC,2,1,3,H,W,L,1,1,2,D,D,D,
bahrain-2015-2016,9,2015-12-26,15:35,saturday,Al Muharraq,Al Ahli,2,1,3,H,W,L,2,1,3,H,W,L,
bahrain-2015-2016,10,2016-01-25,14:45,monday,Sitra Club,Riffa SC,1,2,3,A,L,W,0,1,1,A,L,W,
bahrain-2015-2016,10,2016-01-25,15:00,monday,Al Ahli,Busaiteen,1,2,3,A,L,W,0,2,2,A,L,W,
bahrain-2015-2016,10,2016-01-25,17:00,monday,Malkiya Club,Al Muharraq,1,2,3,A,L,W,1,0,1,H,W,L,
bahrain-2015-2016,10,2016-01-26,14:45,tuesday,Al Hidd,East Riffa Club,2,1,3,H,W,L,0,1,1,A,L,W,
bahrain-2015-2016,10,2016-01-26,17:00,tuesday,Manama Club,Al Hala,2,4,6,A,L,W,1,0,1,H,W,L,
bahrain-2015-2016,11,2016-02-14,15:00,sunday,Al Muharraq,Al Hidd,2,2,4,D,D,D,1,1,2,D,D,D,
bahrain-2015-2016,11,2016-02-14,15:00,sunday,Riffa SC,Malkiya Club,1,0,1,H,W,L,0,0,0,D,D,D,
bahrain-2015-2016,11,2016-02-14,17:15,sunday,East Riffa Club,Manama Club,0,0,0,D,D,D,0,0,0,D,D,D,
bahrain-2015-2016,11,2016-02-15,15:00,monday,Al Hala,Al Ahli,2,1,3,H,W,L,1,0,1,H,W,L,
bahrain-2015-2016,11,2016-02-15,15:00,monday,Sitra Club,Busaiteen,2,0,2,H,W,L,1,0,1,H,W,L,
bahrain-2015-2016,12,2016-03-02,15:10,wednesday,Al Hidd,Malkiya Club,2,1,3,H,W,L,1,0,1,H,W,L,
bahrain-2015-2016,12,2016-03-04,13:00,friday,Sitra Club,Al Hala,2,2,4,D,D,D,1,0,1,H,W,L,
bahrain-2015-2016,12,2016-03-04,15:30,friday,East Riffa Club,Al Ahli,1,2,3,A,L,W,1,0,1,H,W,L,
bahrain-2015-2016,13,2016-04-04,16:15,monday,Al Ahli,Al Muharraq,2,2,4,D,D,D,1,2,3,A,L,W,
bahrain-2015-2016,13,2016-04-04,16:15,monday,Riffa SC,Al Hidd,1,2,3,A,L,W,1,0,1,H,W,L,
bahrain-2015-2016,13,2016-04-04,18:30,monday,Malkiya Club,Manama Club,1,1,2,D,D,D,1,0,1,H,W,L,
bahrain-2015-2016,13,2016-04-05,16:15,tuesday,Busaiteen,Al Hala,1,2,3,A,L,W,1,2,3,A,L,W,
bahrain-2015-2016,13,2016-04-05,16:15,tuesday,East Riffa Club,Sitra Club,3,0,3,H,W,L,1,0,1,H,W,L,
bahrain-2015-2016,14,2016-04-08,15:25,friday,Manama Club,Al Hidd,0,5,5,A,L,W,0,2,2,A,L,W,
bahrain-2015-2016,14,2016-04-09,15:25,saturday,Sitra Club,Al Muharraq,2,2,4,D,D,D,0,0,0,D,D,D,
bahrain-2015-2016,14,2016-04-09,15:25,saturday,Malkiya Club,Al Ahli,0,0,0,D,D,D,0,0,0,D,D,D,
bahrain-2015-2016,14,2016-04-09,17:40,saturday,East Riffa Club,Busaiteen,0,0,0,D,D,D,0,0,0,D,D,D,
bahrain-2015-2016,14,2016-04-10,16:30,sunday,Riffa SC,Al Hala,2,1,3,H,W,L,0,0,0,D,D,D,
bahrain-2015-2016,15,2016-04-16,15:30,saturday,Al Hala,East Riffa Club,2,1,3,H,W,L,0,1,1,A,L,W,
bahrain-2015-2016,15,2016-04-16,15:30,saturday,Manama Club,Riffa SC,0,2,2,A,L,W,0,1,1,A,L,W,
bahrain-2015-2016,15,2016-04-16,17:45,saturday,Malkiya Club,Sitra Club,2,0,2,H,W,L,1,0,1,H,W,L,
bahrain-2015-2016,15,2016-04-17,15:30,sunday,Busaiteen,Al Muharraq,2,3,5,A,L,W,1,1,2,D,D,D,
bahrain-2015-2016,15,2016-04-17,17:45,sunday,Al Hidd,Al Ahli,1,1,2,D,D,D,0,1,1,A,L,W,
bahrain-2015-2016,16,2016-04-22,15:30,friday,Al Hidd,Sitra Club,1,1,2,D,D,D,0,0,0,D,D,D,
bahrain-2015-2016,16,2016-04-22,15:30,friday,Malkiya Club,Busaiteen,1,0,1,H,W,L,1,0,1,H,W,L,
bahrain-2015-2016,16,2016-04-22,17:45,friday,Al Muharraq,Al Hala,3,0,3,H,W,L,0,0,0,D,D,D,
bahrain-2015-2016,16,2016-04-23,15:30,saturday,Riffa SC,East Riffa Club,0,2,2,A,L,W,0,0,0,D,D,D,
bahrain-2015-2016,16,2016-04-23,17:45,saturday,Manama Club,Al Ahli,0,0,0,D,D,D,0,0,0,D,D,D,
bahrain-2015-2016,12,2016-05-02,16:45,monday,Busaiteen,Riffa SC,1,0,1,H,W,L,0,0,0,D,D,D,
bahrain-2015-2016,12,2016-05-02,16:45,monday,Manama Club,Al Muharraq,2,0,2,H,W,L,1,0,1,H,W,L,
bahrain-2015-2016,17,2016-05-06,15:30,friday,Al Hidd,Busaiteen,5,0,5,H,W,L,2,0,2,H,W,L,
bahrain-2015-2016,17,2016-05-06,15:30,friday,Al Muharraq,East Riffa Club,3,1,4,H,W,L,0,1,1,A,L,W,
bahrain-2015-2016,17,2016-05-07,15:30,saturday,Al Ahli,Riffa SC,2,1,3,H,W,L,2,0,2,H,W,L,
bahrain-2015-2016,17,2016-05-07,15:30,saturday,Al Hala,Malkiya Club,2,3,5,A,L,W,1,0,1,H,W,L,
bahrain-2015-2016,17,2016-05-07,15:30,saturday,Sitra Club,Manama Club,0,1,1,A,L,W,0,0,0,D,D,D,
bahrain-2015-2016,18,2016-05-18,15:45,wednesday,East Riffa Club,Malkiya Club,1,2,3,A,L,W,0,0,0,D,D,D,
bahrain-2015-2016,18,2016-05-18,15:45,wednesday,Al Muharraq,Riffa SC,3,3,6,D,D,D,2,1,3,H,W,L,
bahrain-2015-2016,18,2016-05-19,15:45,thursday,Busaiteen,Manama Club,0,1,1,A,L,W,0,0,0,D,D,D,
bahrain-2015-2016,18,2016-05-19,15:45,thursday,Al Ahli,Sitra Club,2,2,4,D,D,D,0,0,0,D,D,D,
bahrain-2015-2016,18,2016-05-19,15:45,thursday,Al Hala,Al Hidd,1,4,5,A,L,W,0,1,1,A,L,W,
bahrain-2016-2017,1,2016-09-08,16:30,thursday,Manama Club,Al Muharraq,1,1,2,D,D,D,0,1,1,A,L,W,
bahrain-2016-2017,1,2016-09-08,16:30,thursday,Al Hidd,Malkiya Club,1,1,2,D,D,D,0,0,0,D,D,D,
bahrain-2016-2017,1,2016-09-09,15:15,friday,Al Ahli,Al Bahrain SC,0,0,0,D,D,D,0,0,0,D,D,D,
bahrain-2016-2017,1,2016-09-09,15:15,friday,East Riffa Club,Al Hala,2,2,4,D,D,D,1,1,2,D,D,D,
bahrain-2016-2017,1,2016-09-09,17:30,friday,Riffa SC,Al Najma,0,0,0,D,D,D,0,0,0,D,D,D,
bahrain-2016-2017,2,2016-09-17,15:10,saturday,Al Najma,Manama Club,2,6,8,A,L,W,1,4,5,A,L,W,
bahrain-2016-2017,2,2016-09-17,15:10,saturday,Riffa SC,Al Bahrain SC,1,1,2,D,D,D,1,0,1,H,W,L,
bahrain-2016-2017,2,2016-09-17,17:25,saturday,East Riffa Club,Al Ahli,0,1,1,A,L,W,0,0,0,D,D,D,
bahrain-2016-2017,2,2016-09-18,16:30,sunday,Al Hidd,Al Hala,0,0,0,D,D,D,0,0,0,D,D,D,
bahrain-2016-2017,3,2016-09-23,15:05,friday,Riffa SC,East Riffa Club,0,2,2,A,L,W,0,0,0,D,D,D,
bahrain-2016-2017,3,2016-09-23,15:05,friday,Manama Club,Malkiya Club,1,0,1,H,W,L,0,0,0,D,D,D,
bahrain-2016-2017,3,2016-09-24,15:05,saturday,Al Hidd,Al Ahli,0,2,2,A,L,W,0,1,1,A,L,W,
bahrain-2016-2017,3,2016-09-24,15:05,saturday,Al Najma,Al Bahrain SC,2,1,3,H,W,L,1,0,1,H,W,L,
bahrain-2016-2017,3,2016-09-24,17:20,saturday,Al Muharraq,Al Hala,4,0,4,H,W,L,,,,,,,
bahrain-2016-2017,4,2016-09-30,14:50,friday,Malkiya Club,Al Hala,0,0,0,D,D,D,0,0,0,D,D,D,
bahrain-2016-2017,4,2016-09-30,17:05,friday,Riffa SC,Al Hidd,0,1,1,A,L,W,0,0,0,D,D,D,
bahrain-2016-2017,4,2016-10-01,14:50,saturday,Al Najma,East Riffa Club,1,0,1,H,W,L,1,0,1,H,W,L,
bahrain-2016-2017,4,2016-10-01,14:50,saturday,Al Bahrain SC,Manama Club,0,2,2,A,L,W,0,1,1,A,L,W,
bahrain-2016-2017,4,2016-10-01,17:05,saturday,Al Muharraq,Al Ahli,2,1,3,H,W,L,1,1,2,D,D,D,
bahrain-2016-2017,5,2016-11-04,14:30,friday,Malkiya Club,Al Ahli,1,0,1,H,W,L,0,0,0,D,D,D,
bahrain-2016-2017,5,2016-11-04,14:30,friday,Manama Club,Al Hala,3,4,7,A,L,W,0,1,1,A,L,W,
bahrain-2016-2017,5,2016-11-05,13:20,saturday,Al Bahrain SC,East Riffa Club,2,2,4,D,D,D,1,0,1,H,W,L,
bahrain-2016-2017,5,2016-11-05,14:30,saturday,Al Najma,Al Hidd,3,3,6,D,D,D,2,1,3,H,W,L,
bahrain-2016-2017,5,2016-11-05,15:45,saturday,Al Muharraq,Riffa SC,1,1,2,D,D,D,0,0,0,D,D,D,
bahrain-2016-2017,6,2016-11-19,13:15,saturday,East Riffa Club,Manama Club,1,0,1,H,W,L,1,0,1,H,W,L,
bahrain-2016-2017,6,2016-11-19,14:30,saturday,Al Ahli,Al Hala,2,0,2,H,W,L,0,0,0,D,D,D,
bahrain-2016-2017,6,2016-11-19,15:40,saturday,Malkiya Club,Riffa SC,1,2,3,A,L,W,0,0,0,D,D,D,
bahrain-2016-2017,6,2016-11-20,15:00,sunday,Al Najma,Al Muharraq,1,2,3,A,L,W,0,0,0,D,D,D,
bahrain-2016-2017,6,2016-11-20,15:00,sunday,Al Bahrain SC,Al Hidd,0,0,0,D,D,D,0,0,0,D,D,D,
bahrain-2016-2017,7,2016-11-25,13:15,friday,Malkiya Club,Al Najma,0,0,0,D,D,D,0,0,0,D,D,D,
bahrain-2016-2017,7,2016-11-25,14:30,friday,Manama Club,Al Ahli,4,1,5,H,W,L,3,0,3,H,W,L,
bahrain-2016-2017,7,2016-11-25,15:40,friday,East Riffa Club,Al Hidd,0,1,1,A,L,W,0,0,0,D,D,D,
bahrain-2016-2017,7,2016-11-26,13:15,saturday,Al Bahrain SC,Al Muharraq,1,1,2,D,D,D,1,0,1,H,W,L,
bahrain-2016-2017,7,2016-11-26,15:40,saturday,Al Hala,Riffa SC,1,3,4,A,L,W,1,1,2,D,D,D,
bahrain-2016-2017,8,2016-12-02,13:15,friday,Al Hidd,Manama Club,0,1,1,A,L,W,0,0,0,D,D,D,
bahrain-2016-2017,8,2016-12-02,13:15,friday,Al Ahli,Riffa SC,0,1,1,A,L,W,0,0,0,D,D,D,
bahrain-2016-2017,8,2016-12-02,15:40,friday,Al Bahrain SC,Malkiya Club,1,2,3,A,L,W,1,1,2,D,D,D,
bahrain-2016-2017,8,2016-12-03,13:15,saturday,Al Najma,Al Hala,2,1,3,H,W,L,1,1,2,D,D,D,
bahrain-2016-2017,8,2016-12-03,13:15,saturday,East Riffa Club,Al Muharraq,0,3,3,A,L,W,0,2,2,A,L,W,
bahrain-2016-2017,9,2016-12-09,13:15,friday,Manama Club,Riffa SC,1,1,2,D,D,D,0,1,1,A,L,W,
bahrain-2016-2017,9,2016-12-09,13:15,friday,East Riffa Club,Malkiya Club,1,3,4,A,L,W,0,2,2,A,L,W,
bahrain-2016-2017,9,2016-12-09,15:40,friday,Al Hidd,Al Muharraq,2,3,5,A,L,W,0,1,1,A,L,W,
bahrain-2016-2017,9,2016-12-10,14:30,saturday,Al Hala,Al Bahrain SC,0,0,0,D,D,D,0,0,0,D,D,D,
bahrain-2016-2017,9,2016-12-10,14:30,saturday,Al Ahli,Al Najma,2,1,3,H,W,L,1,0,1,H,W,L,
bahrain-2016-2017,2,2016-12-14,14:30,wednesday,Al Muharraq,Malkiya Club,1,2,3,A,L,W,1,1,2,D,D,D,
bahrain-2016-2017,10,2017-02-03,13:45,friday,Malkiya Club,Al Muharraq,2,1,3,H,W,L,1,1,2,D,D,D,
bahrain-2016-2017,10,2017-02-03,16:00,friday,Al Ahli,East Riffa Club,1,1,2,D,D,D,0,0,0,D,D,D,
bahrain-2016-2017,10,2017-02-04,13:45,saturday,Al Bahrain SC,Al Najma,1,1,2,D,D,D,0,0,0,D,D,D,
bahrain-2016-2017,10,2017-02-04,16:00,saturday,Riffa SC,Manama Club,0,1,1,A,L,W,0,0,0,D,D,D,
bahrain-2016-2017,10,2017-02-07,15:00,tuesday,Al Hala,Al Hidd,0,1,1,A,L,W,0,0,0,D,D,D,
bahrain-2016-2017,12,2017-02-25,14:00,saturday,Al Muharraq,Manama Club,1,0,1,H,W,L,1,0,1,H,W,L,
bahrain-2016-2017,12,2017-02-25,14:00,saturday,Malkiya Club,Al Bahrain SC,3,2,5,H,W,L,0,0,0,D,D,D,
bahrain-2016-2017,12,2017-02-25,16:15,saturday,Al Ahli,Al Hidd,1,3,4,A,L,W,0,1,1,A,L,W,
bahrain-2016-2017,12,2017-02-26,14:10,sunday,East Riffa Club,Al Najma,1,1,2,D,D,D,0,0,0,D,D,D,
bahrain-2016-2017,12,2017-02-26,16:05,sunday,Riffa SC,Al Hala,0,1,1,A,L,W,0,0,0,D,D,D,
bahrain-2016-2017,11,2017-03-03,14:15,friday,Al Hala,Al Najma,1,1,2,D,D,D,0,0,0,D,D,D,
bahrain-2016-2017,11,2017-03-03,16:30,friday,Al Bahrain SC,Riffa SC,1,2,3,A,L,W,1,0,1,H,W,L,
bahrain-2016-2017,11,2017-03-06,15:30,monday,Malkiya Club,Manama Club,1,0,1,H,W,L,0,0,0,D,D,D,
bahrain-2016-2017,13,2017-03-10,14:15,friday,Manama Club,Al Bahrain SC,1,0,1,H,W,L,0,0,0,D,D,D,
bahrain-2016-2017,13,2017-03-10,16:30,friday,Al Hala,Malkiya Club,0,0,0,D,D,D,0,0,0,D,D,D,
bahrain-2016-2017,13,2017-03-11,14:15,saturday,Al Najma,Al Ahli,0,2,2,A,L,W,0,1,1,A,L,W,
bahrain-2016-2017,13,2017-03-11,16:30,saturday,East Riffa Club,Riffa SC,2,3,5,A,L,W,1,3,4,A,L,W,
bahrain-2016-2017,11,2017-03-17,15:30,friday,Al Ahli,Al Muharraq,1,1,2,D,D,D,1,1,2,D,D,D,
bahrain-2016-2017,11,2017-03-18,15:30,saturday,Al Hidd,East Riffa Club,2,0,2,H,W,L,1,0,1,H,W,L,
bahrain-2016-2017,14,2017-04-07,15:25,friday,Riffa SC,Al Ahli,6,0,6,H,W,L,2,0,2,H,W,L,
bahrain-2016-2017,14,2017-04-07,17:40,friday,Al Hala,Manama Club,0,3,3,A,L,W,0,1,1,A,L,W,
bahrain-2016-2017,14,2017-04-08,16:30,saturday,Malkiya Club,East Riffa Club,3,0,3,H,W,L,1,0,1,H,W,L,
bahrain-2016-2017,14,2017-04-09,16:30,sunday,Al Hidd,Al Najma,2,0,2,H,W,L,0,0,0,D,D,D,
bahrain-2016-2017,14,2017-04-09,16:30,sunday,Al Muharraq,Al Bahrain SC,1,2,3,A,L,W,0,1,1,A,L,W,
bahrain-2016-2017,15,2017-04-13,16:30,thursday,Al Hidd,Riffa SC,0,5,5,A,L,W,0,2,2,A,L,W,
bahrain-2016-2017,15,2017-04-13,16:30,thursday,Al Muharraq,Al Najma,2,0,2,H,W,L,1,0,1,H,W,L,
bahrain-2016-2017,15,2017-04-14,15:30,friday,Manama Club,East Riffa Club,1,3,4,A,L,W,0,2,2,A,L,W,
bahrain-2016-2017,15,2017-04-14,17:45,friday,Al Ahli,Malkiya Club,1,1,2,D,D,D,0,1,1,A,L,W,
bahrain-2016-2017,15,2017-04-15,15:30,saturday,Al Bahrain SC,Al Hala,2,0,2,H,W,L,0,0,0,D,D,D,
bahrain-2016-2017,16,2017-04-21,15:35,friday,East Riffa Club,Al Bahrain SC,3,0,3,H,W,L,1,0,1,H,W,L,
bahrain-2016-2017,16,2017-04-21,17:50,friday,Al Ahli,Manama Club,0,1,1,A,L,W,0,0,0,D,D,D,
bahrain-2016-2017,16,2017-04-22,15:35,saturday,Al Najma,Riffa SC,1,4,5,A,L,W,1,3,4,A,L,W,
bahrain-2016-2017,16,2017-04-23,16:45,sunday,Al Hala,Al Muharraq,1,1,2,D,D,D,1,0,1,H,W,L,
bahrain-2016-2017,16,2017-04-23,16:45,sunday,Malkiya Club,Al Hidd,2,1,3,H,W,L,1,0,1,H,W,L,
bahrain-2016-2017,17,2017-04-27,17:00,thursday,Riffa SC,Al Muharraq,1,2,3,A,L,W,1,1,2,D,D,D,
bahrain-2016-2017,17,2017-04-27,17:00,thursday,Manama Club,Al Hidd,1,2,3,A,L,W,0,1,1,A,L,W,
bahrain-2016-2017,17,2017-04-29,17:00,saturday,Al Hala,East Riffa Club,0,1,1,A,L,W,0,0,0,D,D,D,
bahrain-2016-2017,17,2017-04-29,17:00,saturday,Al Najma,Malkiya Club,2,2,4,D,D,D,2,2,4,D,D,D,
bahrain-2016-2017,17,2017-04-29,17:00,saturday,Al Bahrain SC,Al Ahli,2,1,3,H,W,L,1,0,1,H,W,L,
bahrain-2016-2017,13,2017-05-06,17:00,saturday,Al Muharraq,Al Hidd,2,3,5,A,L,W,2,2,4,D,D,D,
bahrain-2016-2017,18,2017-05-09,17:00,tuesday,Al Hala,Al Ahli,0,0,0,D,D,D,0,0,0,D,D,D,
bahrain-2016-2017,18,2017-05-12,15:40,friday,Al Hidd,Al Bahrain SC,5,2,7,H,W,L,2,1,3,H,W,L,
bahrain-2016-2017,18,2017-05-12,15:40,friday,Manama Club,Al Najma,2,2,4,D,D,D,1,1,2,D,D,D,
bahrain-2016-2017,18,2017-05-13,15:40,saturday,Al Muharraq,East Riffa Club,1,4,5,A,L,W,1,2,3,A,L,W,
bahrain-2016-2017,18,2017-05-13,15:40,saturday,Riffa SC,Malkiya Club,2,0,2,H,W,L,0,0,0,D,D,D,
bahrain-2017-2018,1,2017-09-09,16:20,saturday,Riffa SC,Al Ahli,3,0,3,H,W,L,1,0,1,H,W,L,
bahrain-2017-2018,1,2017-09-09,16:20,saturday,Al Shabab,Al Ittihad,1,0,1,H,W,L,1,0,1,H,W,L,
bahrain-2017-2018,1,2017-09-09,18:35,saturday,East Riffa Club,Malkiya Club,2,5,7,A,L,W,1,1,2,D,D,D,
bahrain-2017-2018,1,2017-09-10,16:20,sunday,Al Najma,Manama Club,2,1,3,H,W,L,0,1,1,A,L,W,
bahrain-2017-2018,1,2017-09-10,18:35,sunday,Al Hidd,Al Muharraq,0,2,2,A,L,W,0,1,1,A,L,W,
bahrain-2017-2018,2,2017-09-15,16:20,friday,Al Ittihad,Al Hidd,2,2,4,D,D,D,0,1,1,A,L,W,
bahrain-2017-2018,2,2017-09-15,18:35,friday,Al Shabab,Manama Club,1,0,1,H,W,L,1,0,1,H,W,L,
bahrain-2017-2018,2,2017-09-16,16:20,saturday,East Riffa Club,Al Ahli,1,1,2,D,D,D,1,0,1,H,W,L,
bahrain-2017-2018,2,2017-09-16,16:20,saturday,Al Muharraq,Malkiya Club,2,0,2,H,W,L,0,0,0,D,D,D,
bahrain-2017-2018,2,2017-09-16,18:35,saturday,Al Najma,Riffa SC,6,0,6,H,W,L,,,,,,,http://www.worldfootball.net/report/premier-league-2017-2018-al-najma-riffa-sc/
bahrain-2017-2018,3,2017-09-20,16:15,wednesday,Al Hidd,Malkiya Club,0,2,2,A,L,W,0,2,2,A,L,W,
bahrain-2017-2018,3,2017-09-20,18:30,wednesday,Al Ittihad,Manama Club,0,3,3,A,L,W,0,1,1,A,L,W,
bahrain-2017-2018,3,2017-09-21,16:15,thursday,Al Muharraq,Al Ahli,2,0,2,H,W,L,0,0,0,D,D,D,
bahrain-2017-2018,3,2017-09-21,16:15,thursday,Al Shabab,Riffa SC,2,1,3,H,W,L,1,1,2,D,D,D,
bahrain-2017-2018,3,2017-09-21,18:30,thursday,East Riffa Club,Al Najma,0,1,1,A,L,W,0,1,1,A,L,W,
bahrain-2017-2018,4,2017-09-25,16:05,monday,Manama Club,Al Hidd,1,1,2,D,D,D,1,1,2,D,D,D,
bahrain-2017-2018,4,2017-09-25,18:20,monday,Malkiya Club,Al Ahli,4,1,5,H,W,L,0,1,1,A,L,W,
bahrain-2017-2018,4,2017-09-26,16:05,tuesday,Al Ittihad,Riffa SC,3,2,5,H,W,L,2,1,3,H,W,L,
bahrain-2017-2018,4,2017-09-26,16:05,tuesday,Al Muharraq,Al Najma,3,0,3,H,W,L,1,0,1,H,W,L,
bahrain-2017-2018,4,2017-09-26,18:20,tuesday,Al Shabab,East Riffa Club,1,1,2,D,D,D,0,1,1,A,L,W,
bahrain-2017-2018,5,2017-10-15,16:00,sunday,Al Ittihad,East Riffa Club,1,4,5,A,L,W,1,2,3,A,L,W,
bahrain-2017-2018,5,2017-10-15,18:15,sunday,Al Hidd,Al Ahli,2,1,3,H,W,L,0,1,1,A,L,W,
bahrain-2017-2018,5,2017-10-16,16:00,monday,Manama Club,Riffa SC,0,1,1,A,L,W,0,1,1,A,L,W,
bahrain-2017-2018,5,2017-10-16,16:00,monday,Al Muharraq,Al Shabab,1,1,2,D,D,D,1,0,1,H,W,L,
bahrain-2017-2018,5,2017-10-16,18:15,monday,Malkiya Club,Al Najma,1,3,4,A,L,W,0,2,2,A,L,W,
bahrain-2017-2018,6,2017-10-27,15:30,friday,Malkiya Club,Al Shabab,2,2,4,D,D,D,1,1,2,D,D,D,
bahrain-2017-2018,6,2017-10-27,15:30,friday,Manama Club,East Riffa Club,3,1,4,H,W,L,0,1,1,A,L,W,
bahrain-2017-2018,6,2017-10-27,17:45,friday,Al Ittihad,Al Muharraq,0,1,1,A,L,W,0,1,1,A,L,W,
bahrain-2017-2018,6,2017-10-28,15:30,saturday,Al Ahli,Al Najma,0,1,1,A,L,W,0,0,0,D,D,D,
bahrain-2017-2018,6,2017-10-28,17:45,saturday,Riffa SC,Al Hidd,3,0,3,H,W,L,1,0,1,H,W,L,
bahrain-2017-2018,7,2017-11-19,14:20,sunday,Al Ahli,Al Shabab,0,0,0,D,D,D,0,0,0,D,D,D,
bahrain-2017-2018,7,2017-11-19,16:35,sunday,Malkiya Club,Al Ittihad,2,1,3,H,W,L,2,0,2,H,W,L,
bahrain-2017-2018,7,2017-11-20,14:20,monday,Riffa SC,East Riffa Club,0,0,0,D,D,D,0,0,0,D,D,D,
bahrain-2017-2018,7,2017-11-20,15:00,monday,Al Hidd,Al Najma,1,1,2,D,D,D,0,0,0,D,D,D,
bahrain-2017-2018,7,2017-11-20,16:35,monday,Manama Club,Al Muharraq,0,1,1,A,L,W,0,0,0,D,D,D,
bahrain-2017-2018,8,2017-11-29,14:20,wednesday,East Riffa Club,Al Hidd,2,1,3,H,W,L,1,0,1,H,W,L,
bahrain-2017-2018,8,2017-11-29,15:00,wednesday,Al Ahli,Al Ittihad,1,0,1,H,W,L,1,0,1,H,W,L,
bahrain-2017-2018,8,2017-11-29,16:35,wednesday,Al Najma,Al Shabab,1,0,1,H,W,L,0,0,0,D,D,D,
bahrain-2017-2018,8,2017-11-30,14:20,thursday,Manama Club,Malkiya Club,2,2,4,D,D,D,0,2,2,A,L,W,
bahrain-2017-2018,8,2017-11-30,16:35,thursday,Riffa SC,Al Muharraq,0,1,1,A,L,W,0,0,0,D,D,D,
bahrain-2017-2018,9,2017-12-03,14:20,sunday,Al Najma,Al Ittihad,4,4,8,D,D,D,1,1,2,D,D,D,
bahrain-2017-2018,9,2017-12-03,16:35,sunday,Al Hidd,Al Shabab,1,1,2,D,D,D,1,0,1,H,W,L,
bahrain-2017-2018,9,2017-12-04,14:20,monday,East Riffa Club,Al Muharraq,0,2,2,A,L,W,0,0,0,D,D,D,
bahrain-2017-2018,9,2017-12-04,15:00,monday,Riffa SC,Malkiya Club,0,3,3,A,L,W,0,2,2,A,L,W,
bahrain-2017-2018,9,2017-12-04,16:35,monday,Al Ahli,Manama Club,1,4,5,A,L,W,0,1,1,A,L,W,
bahrain-2017-2018,10,2018-01-10,15:00,wednesday,Manama Club,Al Ittihad,0,0,0,D,D,D,0,0,0,D,D,D,
bahrain-2017-2018,10,2018-01-10,15:00,wednesday,Al Najma,Al Shabab,3,1,4,H,W,L,2,0,2,H,W,L,
bahrain-2017-2018,10,2018-01-11,14:45,thursday,Riffa SC,Al Ahli,0,2,2,A,L,W,0,0,0,D,D,D,
bahrain-2017-2018,10,2018-01-11,14:45,thursday,East Riffa Club,Al Muharraq,0,3,3,A,L,W,0,0,0,D,D,D,
bahrain-2017-2018,10,2018-01-11,17:15,thursday,Malkiya Club,Al Hidd,2,1,3,H,W,L,1,0,1,H,W,L,
bahrain-2017-2018,11,2018-01-19,13:45,friday,Al Najma,Al Ahli,3,2,5,H,W,L,0,2,2,A,L,W,
bahrain-2017-2018,11,2018-01-19,16:15,friday,Manama Club,East Riffa Club,1,1,2,D,D,D,0,1,1,A,L,W,
bahrain-2017-2018,11,2018-01-20,13:45,saturday,Al Muharraq,Riffa SC,3,0,3,H,W,L,2,0,2,H,W,L,
bahrain-2017-2018,11,2018-01-20,13:45,saturday,Malkiya Club,Al Ittihad,3,2,5,H,W,L,3,1,4,H,W,L,
bahrain-2017-2018,11,2018-01-20,16:15,saturday,Al Hidd,Al Shabab,2,2,4,D,D,D,1,0,1,H,W,L,
bahrain-2017-2018,12,2018-02-03,13:50,saturday,Al Hidd,Al Ahli,2,1,3,H,W,L,0,1,1,A,L,W,
bahrain-2017-2018,12,2018-02-03,13:50,saturday,Al Shabab,Al Ittihad,0,0,0,D,D,D,0,0,0,D,D,D,
bahrain-2017-2018,12,2018-02-03,16:20,saturday,Al Najma,Riffa SC,0,2,2,A,L,W,0,1,1,A,L,W,
bahrain-2017-2018,12,2018-02-04,15:30,sunday,Malkiya Club,East Riffa Club,3,3,6,D,D,D,1,0,1,H,W,L,
bahrain-2017-2018,12,2018-02-04,15:30,sunday,Manama Club,Al Muharraq,2,3,5,A,L,W,2,1,3,H,W,L,
bahrain-2017-2018,13,2018-02-20,15:15,tuesday,Al Shabab,East Riffa Club,1,2,3,A,L,W,0,1,1,A,L,W,
bahrain-2017-2018,13,2018-02-20,17:30,tuesday,Al Ittihad,Al Ahli,2,3,5,A,L,W,1,0,1,H,W,L,
bahrain-2017-2018,13,2018-02-21,15:15,wednesday,Al Muharraq,Al Najma,0,0,0,D,D,D,0,0,0,D,D,D,
bahrain-2017-2018,13,2018-02-21,15:30,wednesday,Al Hidd,Riffa SC,3,3,6,D,D,D,2,1,3,H,W,L,
bahrain-2017-2018,13,2018-02-21,17:30,wednesday,Malkiya Club,Manama Club,1,2,3,A,L,W,0,2,2,A,L,W,
bahrain-2017-2018,14,2018-03-01,15:30,thursday,Al Hidd,Al Najma,1,0,1,H,W,L,1,0,1,H,W,L,
bahrain-2017-2018,14,2018-03-02,14:10,friday,Al Ittihad,Riffa SC,2,1,3,H,W,L,2,1,3,H,W,L,
bahrain-2017-2018,14,2018-03-02,16:40,friday,Al Ahli,East Riffa Club,1,1,2,D,D,D,1,1,2,D,D,D,
